Entity,Code,Year,Life expectancy at birth (years) - Sex: both sexes
Afghanistan,AFG,2000,53.823326
Afghanistan,AFG,2001,53.910187
Afghanistan,AFG,2002,55.154476
Afghanistan,AFG,2003,56.085205
Afghanistan,AFG,2004,56.47652
Afghanistan,AFG,2005,56.790504
Afghanistan,AFG,2006,56.99214
Afghanistan,AFG,2007,57.254837
Afghanistan,AFG,2008,57.900856
Afghanistan,AFG,2009,58.529465
Afghanistan,AFG,2010,59.003773
Afghanistan,AFG,2011,59.548637
Afghanistan,AFG,2012,59.922104
Afghanistan,AFG,2013,60.43498
Afghanistan,AFG,2014,60.428593
Afghanistan,AFG,2015,60.329514
Afghanistan,AFG,2016,60.39366
Afghanistan,AFG,2017,60.87522
Afghanistan,AFG,2018,60.48798
Afghanistan,AFG,2019,61.223812
Afghanistan,AFG,2020,60.490997
Afghanistan,AFG,2021,59.126904
Africa (WHO),WHO_AFR,2000,52.98151
Africa (WHO),WHO_AFR,2001,53.46919
Africa (WHO),WHO_AFR,2002,53.83875
Africa (WHO),WHO_AFR,2003,54.27104
Africa (WHO),WHO_AFR,2004,54.88593
Africa (WHO),WHO_AFR,2005,55.63714
Africa (WHO),WHO_AFR,2006,56.439823
Africa (WHO),WHO_AFR,2007,57.294514
Africa (WHO),WHO_AFR,2008,58.094402
Africa (WHO),WHO_AFR,2009,58.84133
Africa (WHO),WHO_AFR,2010,59.570965
Africa (WHO),WHO_AFR,2011,60.262466
Africa (WHO),WHO_AFR,2012,60.932674
Africa (WHO),WHO_AFR,2013,61.5165
Africa (WHO),WHO_AFR,2014,61.971912
Africa (WHO),WHO_AFR,2015,62.450466
Africa (WHO),WHO_AFR,2016,62.924473
Africa (WHO),WHO_AFR,2017,63.362206
Africa (WHO),WHO_AFR,2018,63.775803
Africa (WHO),WHO_AFR,2019,64.16988
Africa (WHO),WHO_AFR,2020,63.961437
Africa (WHO),WHO_AFR,2021,63.55244
Albania,ALB,2000,73.68285
Albania,ALB,2001,76.04202
Albania,ALB,2002,75.48886
Albania,ALB,2003,74.942154
Albania,ALB,2004,75.42558
Albania,ALB,2005,74.20683
Albania,ALB,2006,74.22366
Albania,ALB,2007,74.53679
Albania,ALB,2008,74.98832
Albania,ALB,2009,75.5577
Albania,ALB,2010,76.2129
Albania,ALB,2011,76.61868
Albania,ALB,2012,77.34195
Albania,ALB,2013,77.77411
Albania,ALB,2014,78.01445
Albania,ALB,2015,77.76639
Albania,ALB,2016,77.87871
Albania,ALB,2017,77.910385
Albania,ALB,2018,77.93852
Albania,ALB,2019,77.940674
Albania,ALB,2020,76.531044
Albania,ALB,2021,76.39089
Algeria,DZA,2000,72.46839
Algeria,DZA,2001,72.77159
Algeria,DZA,2002,73.08818
Algeria,DZA,2003,73.27415
Algeria,DZA,2004,73.76321
Algeria,DZA,2005,74.07854
Algeria,DZA,2006,74.34609
Algeria,DZA,2007,74.59216
Algeria,DZA,2008,74.83899
Algeria,DZA,2009,75.06026
Algeria,DZA,2010,75.28663
Algeria,DZA,2011,75.448875
Algeria,DZA,2012,75.639206
Algeria,DZA,2013,75.79056
Algeria,DZA,2014,75.93393
Algeria,DZA,2015,76.06909
Algeria,DZA,2016,76.27819
Algeria,DZA,2017,76.40432
Algeria,DZA,2018,76.43584
Algeria,DZA,2019,76.54768
Algeria,DZA,2020,74.02004
Algeria,DZA,2021,75.97765
Americas (WHO),WHO_AMR,2000,74.08655
Americas (WHO),WHO_AMR,2001,74.30398
Americas (WHO),WHO_AMR,2002,74.501526
Americas (WHO),WHO_AMR,2003,74.69714
Americas (WHO),WHO_AMR,2004,75.07445
Americas (WHO),WHO_AMR,2005,75.28866
Americas (WHO),WHO_AMR,2006,75.62335
Americas (WHO),WHO_AMR,2007,75.82835
Americas (WHO),WHO_AMR,2008,75.93791
Americas (WHO),WHO_AMR,2009,76.169334
Americas (WHO),WHO_AMR,2010,75.79804
Americas (WHO),WHO_AMR,2011,76.46213
Americas (WHO),WHO_AMR,2012,76.62676
Americas (WHO),WHO_AMR,2013,76.73116
Americas (WHO),WHO_AMR,2014,76.83107
Americas (WHO),WHO_AMR,2015,76.79071
Americas (WHO),WHO_AMR,2016,76.70935
Americas (WHO),WHO_AMR,2017,76.83949
Americas (WHO),WHO_AMR,2018,76.983086
Americas (WHO),WHO_AMR,2019,77.07403
Americas (WHO),WHO_AMR,2020,75.06915
Americas (WHO),WHO_AMR,2021,74.112686
Angola,AGO,2000,49.367744
Angola,AGO,2001,50.060368
Angola,AGO,2002,51.057503
Angola,AGO,2003,51.740532
Angola,AGO,2004,52.355827
Angola,AGO,2005,53.345856
Angola,AGO,2006,54.27927
Angola,AGO,2007,55.3549
Angola,AGO,2008,56.22016
Angola,AGO,2009,57.073948
Angola,AGO,2010,57.96461
Angola,AGO,2011,58.75334
Angola,AGO,2012,59.462337
Angola,AGO,2013,60.216827
Angola,AGO,2014,61.135345
Angola,AGO,2015,61.593075
Angola,AGO,2016,61.849564
Angola,AGO,2017,62.03683
Angola,AGO,2018,62.27158
Angola,AGO,2019,62.491474
Angola,AGO,2020,62.648273
Angola,AGO,2021,62.131134
Antigua and Barbuda,ATG,2000,74.39229
Antigua and Barbuda,ATG,2001,74.69656
Antigua and Barbuda,ATG,2002,74.99067
Antigua and Barbuda,ATG,2003,75.21279
Antigua and Barbuda,ATG,2004,75.37749
Antigua and Barbuda,ATG,2005,75.53605
Antigua and Barbuda,ATG,2006,75.545074
Antigua and Barbuda,ATG,2007,74.95911
Antigua and Barbuda,ATG,2008,75.05553
Antigua and Barbuda,ATG,2009,75.51285
Antigua and Barbuda,ATG,2010,75.57824
Antigua and Barbuda,ATG,2011,75.620674
Antigua and Barbuda,ATG,2012,75.663124
Antigua and Barbuda,ATG,2013,75.71758
Antigua and Barbuda,ATG,2014,75.592064
Antigua and Barbuda,ATG,2015,75.6154
Antigua and Barbuda,ATG,2016,75.54813
Antigua and Barbuda,ATG,2017,75.565575
Antigua and Barbuda,ATG,2018,75.62352
Antigua and Barbuda,ATG,2019,75.65878
Antigua and Barbuda,ATG,2020,77.61326
Antigua and Barbuda,ATG,2021,76.91527
Argentina,ARG,2000,74.28695
Argentina,ARG,2001,74.270615
Argentina,ARG,2002,74.25831
Argentina,ARG,2003,74.25493
Argentina,ARG,2004,74.90566
Argentina,ARG,2005,75.25531
Argentina,ARG,2006,75.53271
Argentina,ARG,2007,75.0561
Argentina,ARG,2008,75.69497
Argentina,ARG,2009,75.851944
Argentina,ARG,2010,75.76939
Argentina,ARG,2011,75.94927
Argentina,ARG,2012,76.176056
Argentina,ARG,2013,76.208885
Argentina,ARG,2014,76.51453
Argentina,ARG,2015,76.5301
Argentina,ARG,2016,76.12475
Argentina,ARG,2017,76.64354
Argentina,ARG,2018,76.88825
Argentina,ARG,2019,77.01583
Argentina,ARG,2020,76.22884
Argentina,ARG,2021,74.56898
Armenia,ARM,2000,71.62173
Armenia,ARM,2001,71.79061
Armenia,ARM,2002,71.58333
Armenia,ARM,2003,71.70803
Armenia,ARM,2004,72.03084
Armenia,ARM,2005,72.07542
Armenia,ARM,2006,72.011765
Armenia,ARM,2007,72.5307
Armenia,ARM,2008,72.486855
Armenia,ARM,2009,72.73279
Armenia,ARM,2010,73.01384
Armenia,ARM,2011,73.306114
Armenia,ARM,2012,73.66922
Armenia,ARM,2013,74.18785
Armenia,ARM,2014,74.19758
Armenia,ARM,2015,74.27859
Armenia,ARM,2016,74.40595
Armenia,ARM,2017,75.18435
Armenia,ARM,2018,75.62031
Armenia,ARM,2019,75.66636
Armenia,ARM,2020,69.32859
Armenia,ARM,2021,72.98458
Australia,AUS,2000,79.69832
Australia,AUS,2001,80.129845
Australia,AUS,2002,80.190056
Australia,AUS,2003,80.56634
Australia,AUS,2004,80.75566
Australia,AUS,2005,80.84135
Australia,AUS,2006,81.04246
Australia,AUS,2007,81.372826
Australia,AUS,2008,81.32192
Australia,AUS,2009,81.7526
Australia,AUS,2010,81.914085
Australia,AUS,2011,81.93173
Australia,AUS,2012,82.27248
Australia,AUS,2013,82.463425
Australia,AUS,2014,82.36885
Australia,AUS,2015,82.287476
Australia,AUS,2016,82.593414
Australia,AUS,2017,82.67971
Australia,AUS,2018,83.02313
Australia,AUS,2019,82.64234
Australia,AUS,2020,83.36759
Australia,AUS,2021,83.10184
Austria,AUT,2000,78.17599
Austria,AUT,2001,78.64264
Austria,AUT,2002,78.703545
Austria,AUT,2003,78.6274
Austria,AUT,2004,79.113594
Austria,AUT,2005,79.326195
Austria,AUT,2006,79.8052
Austria,AUT,2007,80.032265
Austria,AUT,2008,80.26667
Austria,AUT,2009,80.12103
Austria,AUT,2010,80.39157
Austria,AUT,2011,80.73796
Austria,AUT,2012,80.71876
Austria,AUT,2013,80.91227
Austria,AUT,2014,81.235275
Austria,AUT,2015,80.98622
Austria,AUT,2016,81.3882
Austria,AUT,2017,81.38857
Austria,AUT,2018,81.423615
Austria,AUT,2019,81.64848
Austria,AUT,2020,81.08512
Austria,AUT,2021,80.99297
Azerbaijan,AZE,2000,65.23458
Azerbaijan,AZE,2001,66.31096
Azerbaijan,AZE,2002,66.7152
Azerbaijan,AZE,2003,66.74212
Azerbaijan,AZE,2004,67.386314
Azerbaijan,AZE,2005,67.44596
Azerbaijan,AZE,2006,67.63798
Azerbaijan,AZE,2007,69.26432
Azerbaijan,AZE,2008,68.7128
Azerbaijan,AZE,2009,69.3747
Azerbaijan,AZE,2010,69.813866
Azerbaijan,AZE,2011,70.38906
Azerbaijan,AZE,2012,71.2113
Azerbaijan,AZE,2013,72.08993
Azerbaijan,AZE,2014,72.71925
Azerbaijan,AZE,2015,73.627
Azerbaijan,AZE,2016,73.96997
Azerbaijan,AZE,2017,74.62547
Azerbaijan,AZE,2018,75.131454
Azerbaijan,AZE,2019,75.79967
Azerbaijan,AZE,2020,71.43113
Azerbaijan,AZE,2021,72.91294
Bahamas,BHS,2000,70.967445
Bahamas,BHS,2001,71.11368
Bahamas,BHS,2002,71.58108
Bahamas,BHS,2003,72.013565
Bahamas,BHS,2004,72.1441
Bahamas,BHS,2005,72.6588
Bahamas,BHS,2006,72.663536
Bahamas,BHS,2007,73.087364
Bahamas,BHS,2008,72.97663
Bahamas,BHS,2009,72.80785
Bahamas,BHS,2010,72.74533
Bahamas,BHS,2011,72.74544
Bahamas,BHS,2012,72.84563
Bahamas,BHS,2013,73.00901
Bahamas,BHS,2014,72.647865
Bahamas,BHS,2015,72.92358
Bahamas,BHS,2016,72.94918
Bahamas,BHS,2017,73.21937
Bahamas,BHS,2018,73.382866
Bahamas,BHS,2019,70.73776
Bahamas,BHS,2020,72.61586
Bahamas,BHS,2021,70.43274
Bahrain,BHR,2000,69.68564
Bahrain,BHR,2001,70.36971
Bahrain,BHR,2002,70.59695
Bahrain,BHR,2003,70.650764
Bahrain,BHR,2004,70.92534
Bahrain,BHR,2005,71.32085
Bahrain,BHR,2006,71.69627
Bahrain,BHR,2007,72.38723
Bahrain,BHR,2008,72.89097
Bahrain,BHR,2009,73.40667
Bahrain,BHR,2010,73.861984
Bahrain,BHR,2011,74.195335
Bahrain,BHR,2012,74.57322
Bahrain,BHR,2013,75.02711
Bahrain,BHR,2014,75.64496
Bahrain,BHR,2015,75.750824
Bahrain,BHR,2016,75.659065
Bahrain,BHR,2017,75.71095
Bahrain,BHR,2018,75.93621
Bahrain,BHR,2019,76.02946
Bahrain,BHR,2020,74.85398
Bahrain,BHR,2021,74.38372
Bangladesh,BGD,2000,65.36178
Bangladesh,BGD,2001,65.95954
Bangladesh,BGD,2002,66.353905
Bangladesh,BGD,2003,66.783516
Bangladesh,BGD,2004,67.36951
Bangladesh,BGD,2005,67.7876
Bangladesh,BGD,2006,68.09325
Bangladesh,BGD,2007,68.42856
Bangladesh,BGD,2008,69.03268
Bangladesh,BGD,2009,69.60483
Bangladesh,BGD,2010,70.064255
Bangladesh,BGD,2011,71.083374
Bangladesh,BGD,2012,72.0931
Bangladesh,BGD,2013,72.59073
Bangladesh,BGD,2014,72.77669
Bangladesh,BGD,2015,73.19207
Bangladesh,BGD,2016,73.44362
Bangladesh,BGD,2017,73.378685
Bangladesh,BGD,2018,73.673805
Bangladesh,BGD,2019,73.949585
Bangladesh,BGD,2020,73.29813
Bangladesh,BGD,2021,73.102516
Barbados,BRB,2000,74.605034
Barbados,BRB,2001,75.057686
Barbados,BRB,2002,74.8576
Barbados,BRB,2003,74.550865
Barbados,BRB,2004,74.61548
Barbados,BRB,2005,74.96322
Barbados,BRB,2006,75.05596
Barbados,BRB,2007,75.24399
Barbados,BRB,2008,75.50932
Barbados,BRB,2009,75.905136
Barbados,BRB,2010,75.957344
Barbados,BRB,2011,76.023674
Barbados,BRB,2012,76.230354
Barbados,BRB,2013,76.24143
Barbados,BRB,2014,76.24311
Barbados,BRB,2015,76.29024
Barbados,BRB,2016,76.324615
Barbados,BRB,2017,76.336266
Barbados,BRB,2018,76.283195
Barbados,BRB,2019,76.03985
Barbados,BRB,2020,76.949135
Barbados,BRB,2021,76.841835
Belarus,BLR,2000,68.79297
Belarus,BLR,2001,68.38069
Belarus,BLR,2002,67.90678
Belarus,BLR,2003,68.37574
Belarus,BLR,2004,68.801636
Belarus,BLR,2005,68.69743
Belarus,BLR,2006,69.3053
Belarus,BLR,2007,70.20054
Belarus,BLR,2008,70.33831
Belarus,BLR,2009,70.47737
Belarus,BLR,2010,70.35076
Belarus,BLR,2011,70.571815
Belarus,BLR,2012,72.111336
Belarus,BLR,2013,72.59208
Belarus,BLR,2014,73.15346
Belarus,BLR,2015,73.7395
Belarus,BLR,2016,73.892456
Belarus,BLR,2017,74.227295
Belarus,BLR,2018,74.34647
Belarus,BLR,2019,74.81868
Belarus,BLR,2020,73.01028
Belarus,BLR,2021,73.123245
Belgium,BEL,2000,77.671906
Belgium,BEL,2001,77.97358
Belgium,BEL,2002,78.01456
Belgium,BEL,2003,78.114494
Belgium,BEL,2004,78.79616
Belgium,BEL,2005,78.852394
Belgium,BEL,2006,79.23389
Belgium,BEL,2007,79.5657
Belgium,BEL,2008,79.56481
Belgium,BEL,2009,79.82665
Belgium,BEL,2010,79.84805
Belgium,BEL,2011,80.16688
Belgium,BEL,2012,80.07118
Belgium,BEL,2013,80.32475
Belgium,BEL,2014,80.94131
Belgium,BEL,2015,80.706314
Belgium,BEL,2016,81.07461
Belgium,BEL,2017,81.15125
Belgium,BEL,2018,81.24942
Belgium,BEL,2019,81.60895
Belgium,BEL,2020,80.77565
Belgium,BEL,2021,81.50597
Belize,BLZ,2000,70.09513
Belize,BLZ,2001,70.61499
Belize,BLZ,2002,71.34369
Belize,BLZ,2003,71.80039
Belize,BLZ,2004,72.0309
Belize,BLZ,2005,72.39887
Belize,BLZ,2006,72.621475
Belize,BLZ,2007,73.0518
Belize,BLZ,2008,73.538216
Belize,BLZ,2009,73.6701
Belize,BLZ,2010,73.605675
Belize,BLZ,2011,73.84911
Belize,BLZ,2012,74.18064
Belize,BLZ,2013,74.310814
Belize,BLZ,2014,74.219574
Belize,BLZ,2015,74.30568
Belize,BLZ,2016,74.39639
Belize,BLZ,2017,74.56129
Belize,BLZ,2018,74.57666
Belize,BLZ,2019,74.86586
Belize,BLZ,2020,74.694374
Belize,BLZ,2021,73.32056
Benin,BEN,2000,57.421097
Benin,BEN,2001,57.744564
Benin,BEN,2002,58.093803
Benin,BEN,2003,58.458553
Benin,BEN,2004,58.86877
Benin,BEN,2005,59.21024
Benin,BEN,2006,59.54017
Benin,BEN,2007,59.826885
Benin,BEN,2008,60.451153
Benin,BEN,2009,60.994095
Benin,BEN,2010,61.304516
Benin,BEN,2011,61.56618
Benin,BEN,2012,61.81459
Benin,BEN,2013,62.11743
Benin,BEN,2014,62.372673
Benin,BEN,2015,62.62662
Benin,BEN,2016,63.002167
Benin,BEN,2017,63.348633
Benin,BEN,2018,63.738598
Benin,BEN,2019,64.138275
Benin,BEN,2020,64.40363
Benin,BEN,2021,64.01269
Bhutan,BTN,2000,65.98956
Bhutan,BTN,2001,67.18031
Bhutan,BTN,2002,67.845665
Bhutan,BTN,2003,68.38454
Bhutan,BTN,2004,68.88514
Bhutan,BTN,2005,69.36895
Bhutan,BTN,2006,69.95563
Bhutan,BTN,2007,70.47631
Bhutan,BTN,2008,70.909035
Bhutan,BTN,2009,71.27007
Bhutan,BTN,2010,71.727104
Bhutan,BTN,2011,72.12695
Bhutan,BTN,2012,72.45535
Bhutan,BTN,2013,72.72165
Bhutan,BTN,2014,72.913605
Bhutan,BTN,2015,73.07489
Bhutan,BTN,2016,73.28425
Bhutan,BTN,2017,73.547165
Bhutan,BTN,2018,73.75301
Bhutan,BTN,2019,73.930275
Bhutan,BTN,2020,74.451195
Bhutan,BTN,2021,74.87643
Bolivia,BOL,2000,66.09386
Bolivia,BOL,2001,66.74497
Bolivia,BOL,2002,67.1843
Bolivia,BOL,2003,67.73512
Bolivia,BOL,2004,68.28112
Bolivia,BOL,2005,68.73158
Bolivia,BOL,2006,69.16231
Bolivia,BOL,2007,69.470535
Bolivia,BOL,2008,69.78566
Bolivia,BOL,2009,70.137146
Bolivia,BOL,2010,70.42881
Bolivia,BOL,2011,70.720116
Bolivia,BOL,2012,71.0362
Bolivia,BOL,2013,71.33806
Bolivia,BOL,2014,71.64868
Bolivia,BOL,2015,71.94896
Bolivia,BOL,2016,72.220764
Bolivia,BOL,2017,72.447845
Bolivia,BOL,2018,72.690704
Bolivia,BOL,2019,72.91976
Bolivia,BOL,2020,67.11715
Bolivia,BOL,2021,65.41062
Bosnia and Herzegovina,BIH,2000,75.459946
Bosnia and Herzegovina,BIH,2001,75.854485
Bosnia and Herzegovina,BIH,2002,76.09727
Bosnia and Herzegovina,BIH,2003,76.38522
Bosnia and Herzegovina,BIH,2004,76.62935
Bosnia and Herzegovina,BIH,2005,76.5488
Bosnia and Herzegovina,BIH,2006,76.796165
Bosnia and Herzegovina,BIH,2007,76.261284
Bosnia and Herzegovina,BIH,2008,76.76847
Bosnia and Herzegovina,BIH,2009,76.782585
Bosnia and Herzegovina,BIH,2010,76.98324
Bosnia and Herzegovina,BIH,2011,77.05795
Bosnia and Herzegovina,BIH,2012,77.27133
Bosnia and Herzegovina,BIH,2013,77.21186
Bosnia and Herzegovina,BIH,2014,77.17773
Bosnia and Herzegovina,BIH,2015,76.995766
Bosnia and Herzegovina,BIH,2016,77.131836
Bosnia and Herzegovina,BIH,2017,77.2491
Bosnia and Herzegovina,BIH,2018,77.321236
Bosnia and Herzegovina,BIH,2019,77.09808
Bosnia and Herzegovina,BIH,2020,75.70793
Bosnia and Herzegovina,BIH,2021,74.84944
Botswana,BWA,2000,47.163837
Botswana,BWA,2001,46.70432
Botswana,BWA,2002,46.954903
Botswana,BWA,2003,48.301647
Botswana,BWA,2004,50.640766
Botswana,BWA,2005,53.167984
Botswana,BWA,2006,54.88555
Botswana,BWA,2007,55.770245
Botswana,BWA,2008,56.179382
Botswana,BWA,2009,56.886536
Botswana,BWA,2010,57.62666
Botswana,BWA,2011,58.41247
Botswana,BWA,2012,59.748795
Botswana,BWA,2013,60.612427
Botswana,BWA,2014,61.38292
Botswana,BWA,2015,62.045757
Botswana,BWA,2016,62.990124
Botswana,BWA,2017,64.01181
Botswana,BWA,2018,64.530464
Botswana,BWA,2019,64.918846
Botswana,BWA,2020,65.1684
Botswana,BWA,2021,61.23119
Brazil,BRA,2000,71.49954
Brazil,BRA,2001,71.80356
Brazil,BRA,2002,72.03663
Brazil,BRA,2003,72.30492
Brazil,BRA,2004,72.502014
Brazil,BRA,2005,73.14791
Brazil,BRA,2006,73.330734
Brazil,BRA,2007,73.57899
Brazil,BRA,2008,73.713974
Brazil,BRA,2009,73.84242
Brazil,BRA,2010,73.92338
Brazil,BRA,2011,74.01518
Brazil,BRA,2012,74.28197
Brazil,BRA,2013,74.42169
Brazil,BRA,2014,74.636215
Brazil,BRA,2015,74.71129
Brazil,BRA,2016,74.56188
Brazil,BRA,2017,74.98912
Brazil,BRA,2018,75.31945
Brazil,BRA,2019,75.47816
Brazil,BRA,2020,74.11394
Brazil,BRA,2021,72.388405
Brunei,BRN,2000,75.50503
Brunei,BRN,2001,75.681114
Brunei,BRN,2002,75.90523
Brunei,BRN,2003,76.106514
Brunei,BRN,2004,76.29801
Brunei,BRN,2005,76.47715
Brunei,BRN,2006,76.5848
Brunei,BRN,2007,76.66442
Brunei,BRN,2008,76.71793
Brunei,BRN,2009,76.877884
Brunei,BRN,2010,76.970955
Brunei,BRN,2011,76.98952
Brunei,BRN,2012,76.897
Brunei,BRN,2013,76.81967
Brunei,BRN,2014,76.65809
Brunei,BRN,2015,76.55761
Brunei,BRN,2016,76.41823
Brunei,BRN,2017,76.405136
Brunei,BRN,2018,76.40808
Brunei,BRN,2019,76.67529
Brunei,BRN,2020,76.76421
Brunei,BRN,2021,76.92261
Bulgaria,BGR,2000,71.64288
Bulgaria,BGR,2001,71.85118
Bulgaria,BGR,2002,72.11467
Bulgaria,BGR,2003,72.29415
Bulgaria,BGR,2004,72.481735
Bulgaria,BGR,2005,72.47649
Bulgaria,BGR,2006,72.62332
Bulgaria,BGR,2007,72.92323
Bulgaria,BGR,2008,73.24591
Bulgaria,BGR,2009,73.576515
Bulgaria,BGR,2010,73.66597
Bulgaria,BGR,2011,74.07018
Bulgaria,BGR,2012,74.28202
Bulgaria,BGR,2013,74.79512
Bulgaria,BGR,2014,74.40807
Bulgaria,BGR,2015,74.56358
Bulgaria,BGR,2016,74.77318
Bulgaria,BGR,2017,74.719894
Bulgaria,BGR,2018,74.850716
Bulgaria,BGR,2019,75.00106
Bulgaria,BGR,2020,73.48961
Bulgaria,BGR,2021,71.30586
Burkina Faso,BFA,2000,51.887714
Burkina Faso,BFA,2001,52.36177
Burkina Faso,BFA,2002,52.906857
Burkina Faso,BFA,2003,53.57988
Burkina Faso,BFA,2004,54.34246
Burkina Faso,BFA,2005,55.198112
Burkina Faso,BFA,2006,55.97969
Burkina Faso,BFA,2007,56.712795
Burkina Faso,BFA,2008,57.43073
Burkina Faso,BFA,2009,58.06656
Burkina Faso,BFA,2010,58.612175
Burkina Faso,BFA,2011,59.071754
Burkina Faso,BFA,2012,59.518063
Burkina Faso,BFA,2013,59.96461
Burkina Faso,BFA,2014,60.464485
Burkina Faso,BFA,2015,60.942986
Burkina Faso,BFA,2016,61.355183
Burkina Faso,BFA,2017,61.88093
Burkina Faso,BFA,2018,62.360966
Burkina Faso,BFA,2019,62.61228
Burkina Faso,BFA,2020,62.92622
Burkina Faso,BFA,2021,62.297287
Burundi,BDI,2000,44.36092
Burundi,BDI,2001,45.56023
Burundi,BDI,2002,46.772022
Burundi,BDI,2003,47.93043
Burundi,BDI,2004,49.431583
Burundi,BDI,2005,50.90905
Burundi,BDI,2006,54.955147
Burundi,BDI,2007,56.454124
Burundi,BDI,2008,57.790817
Burundi,BDI,2009,58.715847
Burundi,BDI,2010,59.59916
Burundi,BDI,2011,60.405396
Burundi,BDI,2012,61.174713
Burundi,BDI,2013,61.79609
Burundi,BDI,2014,62.32269
Burundi,BDI,2015,62.706955
Burundi,BDI,2016,63.241177
Burundi,BDI,2017,63.682415
Burundi,BDI,2018,64.027596
Burundi,BDI,2019,64.31859
Burundi,BDI,2020,64.59434
Burundi,BDI,2021,64.00695
Cambodia,KHM,2000,59.101715
Cambodia,KHM,2001,60.02517
Cambodia,KHM,2002,60.98797
Cambodia,KHM,2003,61.893635
Cambodia,KHM,2004,62.732548
Cambodia,KHM,2005,63.57945
Cambodia,KHM,2006,64.39387
Cambodia,KHM,2007,65.07854
Cambodia,KHM,2008,65.75029
Cambodia,KHM,2009,66.28526
Cambodia,KHM,2010,66.735954
Cambodia,KHM,2011,67.2537
Cambodia,KHM,2012,67.72269
Cambodia,KHM,2013,68.09457
Cambodia,KHM,2014,68.40637
Cambodia,KHM,2015,68.6674
Cambodia,KHM,2016,68.91002
Cambodia,KHM,2017,69.12695
Cambodia,KHM,2018,69.35586
Cambodia,KHM,2019,69.558464
Cambodia,KHM,2020,69.84097
Cambodia,KHM,2021,68.923996
Cameroon,CMR,2000,52.958527
Cameroon,CMR,2001,52.89875
Cameroon,CMR,2002,52.903183
Cameroon,CMR,2003,53.05889
Cameroon,CMR,2004,53.565548
Cameroon,CMR,2005,54.127007
Cameroon,CMR,2006,54.527924
Cameroon,CMR,2007,55.003975
Cameroon,CMR,2008,55.694263
Cameroon,CMR,2009,56.268227
Cameroon,CMR,2010,56.78467
Cameroon,CMR,2011,57.257168
Cameroon,CMR,2012,57.773552
Cameroon,CMR,2013,58.16022
Cameroon,CMR,2014,58.43616
Cameroon,CMR,2015,58.984394
Cameroon,CMR,2016,59.79056
Cameroon,CMR,2017,60.6426
Cameroon,CMR,2018,61.386917
Cameroon,CMR,2019,62.026127
Cameroon,CMR,2020,62.180855
Cameroon,CMR,2021,61.76935
Canada,CAN,2000,79.08864
Canada,CAN,2001,79.31144
Canada,CAN,2002,79.42215
Canada,CAN,2003,79.58013
Canada,CAN,2004,79.850044
Canada,CAN,2005,79.95094
Canada,CAN,2006,80.37082
Canada,CAN,2007,80.38196
Canada,CAN,2008,80.56314
Canada,CAN,2009,80.8826
Canada,CAN,2010,81.14359
Canada,CAN,2011,81.401886
Canada,CAN,2012,81.4933
Canada,CAN,2013,81.5583
Canada,CAN,2014,81.59104
Canada,CAN,2015,81.648605
Canada,CAN,2016,81.74452
Canada,CAN,2017,81.70954
Canada,CAN,2018,81.733826
Canada,CAN,2019,82.02162
Canada,CAN,2020,81.29951
Canada,CAN,2021,81.58276
Cape Verde,CPV,2000,71.69763
Cape Verde,CPV,2001,71.98653
Cape Verde,CPV,2002,72.18507
Cape Verde,CPV,2003,72.33303
Cape Verde,CPV,2004,72.44025
Cape Verde,CPV,2005,72.61943
Cape Verde,CPV,2006,73.40962
Cape Verde,CPV,2007,73.469765
Cape Verde,CPV,2008,73.9304
Cape Verde,CPV,2009,73.982414
Cape Verde,CPV,2010,74.2317
Cape Verde,CPV,2011,74.33323
Cape Verde,CPV,2012,74.46428
Cape Verde,CPV,2013,74.703865
Cape Verde,CPV,2014,74.86891
Cape Verde,CPV,2015,74.82831
Cape Verde,CPV,2016,74.863266
Cape Verde,CPV,2017,74.91155
Cape Verde,CPV,2018,73.85832
Cape Verde,CPV,2019,74.0599
Cape Verde,CPV,2020,73.66739
Cape Verde,CPV,2021,73.16098
Central African Republic,CAF,2000,44.234257
Central African Republic,CAF,2001,44.471786
Central African Republic,CAF,2002,44.77186
Central African Republic,CAF,2003,45.20506
Central African Republic,CAF,2004,45.616184
Central African Republic,CAF,2005,46.140926
Central African Republic,CAF,2006,46.697758
Central African Republic,CAF,2007,47.394157
Central African Republic,CAF,2008,48.298798
Central African Republic,CAF,2009,48.866684
Central African Republic,CAF,2010,49.201797
Central African Republic,CAF,2011,49.46797
Central African Republic,CAF,2012,49.822044
Central African Republic,CAF,2013,49.31139
Central African Republic,CAF,2014,49.177288
Central African Republic,CAF,2015,50.96983
Central African Republic,CAF,2016,51.500313
Central African Republic,CAF,2017,51.267426
Central African Republic,CAF,2018,52.137337
Central African Republic,CAF,2019,52.932606
Central African Republic,CAF,2020,53.07817
Central African Republic,CAF,2021,52.307728
Chad,TCD,2000,51.16933
Chad,TCD,2001,51.592487
Chad,TCD,2002,51.79475
Chad,TCD,2003,52.10729
Chad,TCD,2004,52.484512
Chad,TCD,2005,52.946198
Chad,TCD,2006,53.093143
Chad,TCD,2007,53.972973
Chad,TCD,2008,54.40322
Chad,TCD,2009,55.19431
Chad,TCD,2010,55.72346
Chad,TCD,2011,56.17787
Chad,TCD,2012,56.60362
Chad,TCD,2013,57.014816
Chad,TCD,2014,57.4646
Chad,TCD,2015,57.84629
Chad,TCD,2016,58.316776
Chad,TCD,2017,58.609978
Chad,TCD,2018,58.957832
Chad,TCD,2019,59.37354
Chad,TCD,2020,59.211807
Chad,TCD,2021,59.085815
Chile,CHL,2000,76.79722
Chile,CHL,2001,76.75738
Chile,CHL,2002,77.34181
Chile,CHL,2003,77.44593
Chile,CHL,2004,77.548904
Chile,CHL,2005,78.00491
Chile,CHL,2006,78.48263
Chile,CHL,2007,78.48499
Chile,CHL,2008,79.19803
Chile,CHL,2009,79.004906
Chile,CHL,2010,78.831985
Chile,CHL,2011,79.55205
Chile,CHL,2012,79.58355
Chile,CHL,2013,79.8255
Chile,CHL,2014,79.936584
Chile,CHL,2015,80.125084
Chile,CHL,2016,80.46247
Chile,CHL,2017,80.65876
Chile,CHL,2018,80.96186
Chile,CHL,2019,81.027695
Chile,CHL,2020,79.90385
Chile,CHL,2021,79.02405
China,CHN,2000,70.83886
China,CHN,2001,71.134
China,CHN,2002,71.45466
China,CHN,2003,71.68827
China,CHN,2004,71.93151
China,CHN,2005,72.44256
China,CHN,2006,73.289
China,CHN,2007,73.838936
China,CHN,2008,73.9966
China,CHN,2009,74.38655
China,CHN,2010,74.65168
China,CHN,2011,75.03512
China,CHN,2012,75.48068
China,CHN,2013,75.84031
China,CHN,2014,76.199104
China,CHN,2015,76.51035
China,CHN,2016,76.71572
China,CHN,2017,76.94626
China,CHN,2018,77.14021
China,CHN,2019,77.31274
China,CHN,2020,77.48113
China,CHN,2021,77.616196
Colombia,COL,2000,72.53854
Colombia,COL,2001,72.62896
Colombia,COL,2002,72.83105
Colombia,COL,2003,73.544846
Colombia,COL,2004,73.98321
Colombia,COL,2005,74.43999
Colombia,COL,2006,74.69666
Colombia,COL,2007,75.198654
Colombia,COL,2008,75.40889
Colombia,COL,2009,75.75933
Colombia,COL,2010,75.96055
Colombia,COL,2011,76.68553
Colombia,COL,2012,76.94484
Colombia,COL,2013,77.22787
Colombia,COL,2014,77.3656
Colombia,COL,2015,77.34484
Colombia,COL,2016,77.57663
Colombia,COL,2017,77.79444
Colombia,COL,2018,77.82373
Colombia,COL,2019,77.95358
Colombia,COL,2020,76.174576
Colombia,COL,2021,74.532974
Comoros,COM,2000,62.03734
Comoros,COM,2001,62.702923
Comoros,COM,2002,63.12089
Comoros,COM,2003,63.631645
Comoros,COM,2004,63.975365
Comoros,COM,2005,64.27701
Comoros,COM,2006,64.5515
Comoros,COM,2007,64.77431
Comoros,COM,2008,65.33612
Comoros,COM,2009,65.0148
Comoros,COM,2010,65.9656
Comoros,COM,2011,65.80472
Comoros,COM,2012,66.397156
Comoros,COM,2013,66.72653
Comoros,COM,2014,67.0711
Comoros,COM,2015,67.426476
Comoros,COM,2016,67.702126
Comoros,COM,2017,67.83204
Comoros,COM,2018,68.19621
Comoros,COM,2019,68.100624
Comoros,COM,2020,68.30704
Comoros,COM,2021,67.49704
Congo,COG,2000,52.218266
Congo,COG,2001,53.111263
Congo,COG,2002,53.805805
Congo,COG,2003,54.500877
Congo,COG,2004,55.40549
Congo,COG,2005,56.51058
Congo,COG,2006,57.5312
Congo,COG,2007,58.259552
Congo,COG,2008,59.222363
Congo,COG,2009,60.089417
Congo,COG,2010,60.60463
Congo,COG,2011,61.13101
Congo,COG,2012,61.21875
Congo,COG,2013,61.427914
Congo,COG,2014,61.640034
Congo,COG,2015,62.054756
Congo,COG,2016,62.56583
Congo,COG,2017,62.84313
Congo,COG,2018,63.059643
Congo,COG,2019,62.758442
Congo,COG,2020,63.35938
Congo,COG,2021,63.172623
Costa Rica,CRI,2000,78.16622
Costa Rica,CRI,2001,78.071655
Costa Rica,CRI,2002,78.85732
Costa Rica,CRI,2003,78.707504
Costa Rica,CRI,2004,78.67775
Costa Rica,CRI,2005,79.72199
Costa Rica,CRI,2006,79.36411
Costa Rica,CRI,2007,80.230545
Costa Rica,CRI,2008,80.29391
Costa Rica,CRI,2009,80.60956
Costa Rica,CRI,2010,79.5138
Costa Rica,CRI,2011,80.26272
Costa Rica,CRI,2012,80.423164
Costa Rica,CRI,2013,80.597885
Costa Rica,CRI,2014,80.47996
Costa Rica,CRI,2015,80.574234
Costa Rica,CRI,2016,80.11048
Costa Rica,CRI,2017,80.19506
Costa Rica,CRI,2018,80.288826
Costa Rica,CRI,2019,80.300735
Costa Rica,CRI,2020,79.99304
Costa Rica,CRI,2021,78.63053
Cote d'Ivoire,CIV,2000,51.168785
Cote d'Ivoire,CIV,2001,51.501488
Cote d'Ivoire,CIV,2002,51.805367
Cote d'Ivoire,CIV,2003,52.204453
Cote d'Ivoire,CIV,2004,52.802094
Cote d'Ivoire,CIV,2005,53.84685
Cote d'Ivoire,CIV,2006,54.916622
Cote d'Ivoire,CIV,2007,55.73161
Cote d'Ivoire,CIV,2008,56.57055
Cote d'Ivoire,CIV,2009,57.18053
Cote d'Ivoire,CIV,2010,57.331142
Cote d'Ivoire,CIV,2011,57.554203
Cote d'Ivoire,CIV,2012,58.54983
Cote d'Ivoire,CIV,2013,59.309982
Cote d'Ivoire,CIV,2014,60.067894
Cote d'Ivoire,CIV,2015,60.934242
Cote d'Ivoire,CIV,2016,61.626785
Cote d'Ivoire,CIV,2017,62.27593
Cote d'Ivoire,CIV,2018,62.90791
Cote d'Ivoire,CIV,2019,63.484795
Cote d'Ivoire,CIV,2020,63.31089
Cote d'Ivoire,CIV,2021,63.517406
Croatia,HRV,2000,74.75167
Croatia,HRV,2001,75.00312
Croatia,HRV,2002,75.01293
Croatia,HRV,2003,74.86053
Croatia,HRV,2004,75.62048
Croatia,HRV,2005,75.4761
Croatia,HRV,2006,76.02871
Croatia,HRV,2007,75.91802
Croatia,HRV,2008,76.07191
Croatia,HRV,2009,76.445595
Croatia,HRV,2010,76.7983
Croatia,HRV,2011,77.211464
Croatia,HRV,2012,77.359116
Croatia,HRV,2013,77.85315
Croatia,HRV,2014,78.05646
Croatia,HRV,2015,77.60709
Croatia,HRV,2016,78.28594
Croatia,HRV,2017,78.12551
Croatia,HRV,2018,78.339294
Croatia,HRV,2019,78.6021
Croatia,HRV,2020,77.8647
Croatia,HRV,2021,76.86168
Cuba,CUB,2000,76.74759
Cuba,CUB,2001,76.71378
Cuba,CUB,2002,77.74908
Cuba,CUB,2003,77.44238
Cuba,CUB,2004,77.44558
Cuba,CUB,2005,77.20756
Cuba,CUB,2006,78.02512
Cuba,CUB,2007,78.10025
Cuba,CUB,2008,77.87744
Cuba,CUB,2009,78.01984
Cuba,CUB,2010,77.833664
Cuba,CUB,2011,78.52889
Cuba,CUB,2012,78.42126
Cuba,CUB,2013,78.31147
Cuba,CUB,2014,78.143326
Cuba,CUB,2015,77.929726
Cuba,CUB,2016,78.14354
Cuba,CUB,2017,77.653305
Cuba,CUB,2018,77.85422
Cuba,CUB,2019,77.661736
Cuba,CUB,2020,77.63539
Cuba,CUB,2021,73.67333
Cyprus,CYP,2000,78.83247
Cyprus,CYP,2001,78.866684
Cyprus,CYP,2002,78.996155
Cyprus,CYP,2003,79.11244
Cyprus,CYP,2004,79.27834
Cyprus,CYP,2005,79.53716
Cyprus,CYP,2006,79.83911
Cyprus,CYP,2007,80.212715
Cyprus,CYP,2008,80.589294
Cyprus,CYP,2009,80.92282
Cyprus,CYP,2010,81.17823
Cyprus,CYP,2011,81.387726
Cyprus,CYP,2012,81.61973
Cyprus,CYP,2013,81.84969
Cyprus,CYP,2014,81.84705
Cyprus,CYP,2015,81.80149
Cyprus,CYP,2016,81.71497
Cyprus,CYP,2017,81.86957
Cyprus,CYP,2018,82.05669
Cyprus,CYP,2019,82.177444
Cyprus,CYP,2020,82.06263
Cyprus,CYP,2021,81.91274
Czechia,CZE,2000,75.03014
Czechia,CZE,2001,75.30052
Czechia,CZE,2002,75.363846
Czechia,CZE,2003,75.26103
Czechia,CZE,2004,75.785446
Czechia,CZE,2005,75.998695
Czechia,CZE,2006,76.60775
Czechia,CZE,2007,76.86519
Czechia,CZE,2008,77.15374
Czechia,CZE,2009,77.27519
Czechia,CZE,2010,77.55052
Czechia,CZE,2011,77.78639
Czechia,CZE,2012,77.96927
Czechia,CZE,2013,78.111435
Czechia,CZE,2014,78.68017
Czechia,CZE,2015,78.48258
Czechia,CZE,2016,78.930305
Czechia,CZE,2017,78.85473
Czechia,CZE,2018,78.89195
Czechia,CZE,2019,79.13721
Czechia,CZE,2020,78.12978
Czechia,CZE,2021,77.0773
Democratic Republic of Congo,COD,2000,52.64393
Democratic Republic of Congo,COD,2001,52.99713
Democratic Republic of Congo,COD,2002,53.25357
Democratic Republic of Congo,COD,2003,53.69355
Democratic Republic of Congo,COD,2004,54.34409
Democratic Republic of Congo,COD,2005,54.94183
Democratic Republic of Congo,COD,2006,55.484573
Democratic Republic of Congo,COD,2007,55.977848
Democratic Republic of Congo,COD,2008,56.321888
Democratic Republic of Congo,COD,2009,56.808857
Democratic Republic of Congo,COD,2010,57.399372
Democratic Republic of Congo,COD,2011,57.8876
Democratic Republic of Congo,COD,2012,58.340454
Democratic Republic of Congo,COD,2013,58.895237
Democratic Republic of Congo,COD,2014,59.460842
Democratic Republic of Congo,COD,2015,59.96244
Democratic Republic of Congo,COD,2016,60.435722
Democratic Republic of Congo,COD,2017,60.841015
Democratic Republic of Congo,COD,2018,61.431793
Democratic Republic of Congo,COD,2019,61.839012
Democratic Republic of Congo,COD,2020,62.035946
Democratic Republic of Congo,COD,2021,61.625526
Denmark,DNK,2000,76.93482
Denmark,DNK,2001,77.0422
Denmark,DNK,2002,77.02885
Denmark,DNK,2003,77.31785
Denmark,DNK,2004,77.68985
Denmark,DNK,2005,78.1313
Denmark,DNK,2006,78.19096
Denmark,DNK,2007,78.29893
Denmark,DNK,2008,78.63896
Denmark,DNK,2009,78.877625
Denmark,DNK,2010,79.16904
Denmark,DNK,2011,79.688126
Denmark,DNK,2012,79.96582
Denmark,DNK,2013,80.16458
Denmark,DNK,2014,80.514015
Denmark,DNK,2015,80.59413
Denmark,DNK,2016,80.71406
Denmark,DNK,2017,80.94104
Denmark,DNK,2018,80.823456
Denmark,DNK,2019,81.27895
Denmark,DNK,2020,81.36822
Denmark,DNK,2021,81.184006
Djibouti,DJI,2000,59.519936
Djibouti,DJI,2001,59.484592
Djibouti,DJI,2002,59.494698
Djibouti,DJI,2003,59.65313
Djibouti,DJI,2004,59.74871
Djibouti,DJI,2005,60.0931
Djibouti,DJI,2006,60.219013
Djibouti,DJI,2007,60.99155
Djibouti,DJI,2008,61.38656
Djibouti,DJI,2009,61.714878
Djibouti,DJI,2010,62.01403
Djibouti,DJI,2011,62.336277
Djibouti,DJI,2012,62.75529
Djibouti,DJI,2013,63.139248
Djibouti,DJI,2014,63.51526
Djibouti,DJI,2015,63.87736
Djibouti,DJI,2016,64.33885
Djibouti,DJI,2017,64.73031
Djibouti,DJI,2018,65.12012
Djibouti,DJI,2019,65.43875
Djibouti,DJI,2020,65.26548
Djibouti,DJI,2021,64.87227
Dominican Republic,DOM,2000,73.3979
Dominican Republic,DOM,2001,73.598495
Dominican Republic,DOM,2002,73.59134
Dominican Republic,DOM,2003,73.22954
Dominican Republic,DOM,2004,72.74531
Dominican Republic,DOM,2005,72.80023
Dominican Republic,DOM,2006,72.80246
Dominican Republic,DOM,2007,72.981384
Dominican Republic,DOM,2008,73.2797
Dominican Republic,DOM,2009,73.545105
Dominican Republic,DOM,2010,73.80112
Dominican Republic,DOM,2011,74.02906
Dominican Republic,DOM,2012,73.719536
Dominican Republic,DOM,2013,73.279366
Dominican Republic,DOM,2014,73.263535
Dominican Republic,DOM,2015,73.29461
Dominican Republic,DOM,2016,73.334305
Dominican Republic,DOM,2017,73.41063
Dominican Republic,DOM,2018,73.520935
Dominican Republic,DOM,2019,73.91314
Dominican Republic,DOM,2020,73.56757
Dominican Republic,DOM,2021,73.32103
East Timor,TLS,2000,62.865765
East Timor,TLS,2001,63.416306
East Timor,TLS,2002,63.921978
East Timor,TLS,2003,64.51598
East Timor,TLS,2004,65.10953
East Timor,TLS,2005,65.67751
East Timor,TLS,2006,65.99129
East Timor,TLS,2007,66.33185
East Timor,TLS,2008,66.57679
East Timor,TLS,2009,66.643684
East Timor,TLS,2010,67.00362
East Timor,TLS,2011,67.28464
East Timor,TLS,2012,67.451
East Timor,TLS,2013,67.45653
East Timor,TLS,2014,67.482506
East Timor,TLS,2015,67.83594
East Timor,TLS,2016,68.074455
East Timor,TLS,2017,68.23559
East Timor,TLS,2018,68.36839
East Timor,TLS,2019,68.4988
East Timor,TLS,2020,68.91672
East Timor,TLS,2021,67.99671
Eastern Mediterranean (WHO),WHO_EMR,2000,65.45448
Eastern Mediterranean (WHO),WHO_EMR,2001,65.64591
Eastern Mediterranean (WHO),WHO_EMR,2002,65.887115
Eastern Mediterranean (WHO),WHO_EMR,2003,65.938774
Eastern Mediterranean (WHO),WHO_EMR,2004,66.33372
Eastern Mediterranean (WHO),WHO_EMR,2005,66.40716
Eastern Mediterranean (WHO),WHO_EMR,2006,66.888916
Eastern Mediterranean (WHO),WHO_EMR,2007,67.21417
Eastern Mediterranean (WHO),WHO_EMR,2008,67.591965
Eastern Mediterranean (WHO),WHO_EMR,2009,67.91201
Eastern Mediterranean (WHO),WHO_EMR,2010,68.1402
Eastern Mediterranean (WHO),WHO_EMR,2011,68.185165
Eastern Mediterranean (WHO),WHO_EMR,2012,68.39587
Eastern Mediterranean (WHO),WHO_EMR,2013,68.82101
Eastern Mediterranean (WHO),WHO_EMR,2014,68.82634
Eastern Mediterranean (WHO),WHO_EMR,2015,68.93544
Eastern Mediterranean (WHO),WHO_EMR,2016,69.23126
Eastern Mediterranean (WHO),WHO_EMR,2017,69.5081
Eastern Mediterranean (WHO),WHO_EMR,2018,69.832245
Eastern Mediterranean (WHO),WHO_EMR,2019,70.18317
Eastern Mediterranean (WHO),WHO_EMR,2020,68.928154
Eastern Mediterranean (WHO),WHO_EMR,2021,68.487434
Ecuador,ECU,2000,72.58843
Ecuador,ECU,2001,73.06546
Ecuador,ECU,2002,73.16724
Ecuador,ECU,2003,73.91724
Ecuador,ECU,2004,73.96569
Ecuador,ECU,2005,73.7577
Ecuador,ECU,2006,73.97388
Ecuador,ECU,2007,74.34692
Ecuador,ECU,2008,74.40727
Ecuador,ECU,2009,74.93359
Ecuador,ECU,2010,75.14739
Ecuador,ECU,2011,75.58178
Ecuador,ECU,2012,75.80767
Ecuador,ECU,2013,76.40415
Ecuador,ECU,2014,76.896965
Ecuador,ECU,2015,77.15293
Ecuador,ECU,2016,77.17997
Ecuador,ECU,2017,77.31252
Ecuador,ECU,2018,77.46907
Ecuador,ECU,2019,77.751724
Ecuador,ECU,2020,72.71138
Ecuador,ECU,2021,73.958015
Egypt,EGY,2000,69.148605
Egypt,EGY,2001,68.84531
Egypt,EGY,2002,68.85252
Egypt,EGY,2003,68.78353
Egypt,EGY,2004,69.18229
Egypt,EGY,2005,69.52274
Egypt,EGY,2006,69.567856
Egypt,EGY,2007,69.748146
Egypt,EGY,2008,69.771095
Egypt,EGY,2009,69.789314
Egypt,EGY,2010,69.83444
Egypt,EGY,2011,70.08391
Egypt,EGY,2012,69.8299
Egypt,EGY,2013,70.471504
Egypt,EGY,2014,70.46262
Egypt,EGY,2015,70.05641
Egypt,EGY,2016,70.702415
Egypt,EGY,2017,71.25139
Egypt,EGY,2018,71.35791
Egypt,EGY,2019,71.58974
Egypt,EGY,2020,70.12068
Egypt,EGY,2021,69.108215
El Salvador,SLV,2000,71.64575
El Salvador,SLV,2001,71.716515
El Salvador,SLV,2002,73.27326
El Salvador,SLV,2003,73.0523
El Salvador,SLV,2004,73.29272
El Salvador,SLV,2005,73.403496
El Salvador,SLV,2006,73.70492
El Salvador,SLV,2007,74.16543
El Salvador,SLV,2008,74.410416
El Salvador,SLV,2009,74.00196
El Salvador,SLV,2010,74.56329
El Salvador,SLV,2011,74.57443
El Salvador,SLV,2012,75.272804
El Salvador,SLV,2013,74.78718
El Salvador,SLV,2014,73.855804
El Salvador,SLV,2015,72.732925
El Salvador,SLV,2016,73.58698
El Salvador,SLV,2017,73.71814
El Salvador,SLV,2018,74.65055
El Salvador,SLV,2019,74.28005
El Salvador,SLV,2020,72.06393
El Salvador,SLV,2021,71.66704
Equatorial Guinea,GNQ,2000,54.030834
Equatorial Guinea,GNQ,2001,54.843494
Equatorial Guinea,GNQ,2002,55.473663
Equatorial Guinea,GNQ,2003,55.73629
Equatorial Guinea,GNQ,2004,56.18358
Equatorial Guinea,GNQ,2005,56.773396
Equatorial Guinea,GNQ,2006,57.743874
Equatorial Guinea,GNQ,2007,58.626747
Equatorial Guinea,GNQ,2008,59.266556
Equatorial Guinea,GNQ,2009,59.83638
Equatorial Guinea,GNQ,2010,60.009983
Equatorial Guinea,GNQ,2011,59.8313
Equatorial Guinea,GNQ,2012,60.110283
Equatorial Guinea,GNQ,2013,60.968502
Equatorial Guinea,GNQ,2014,61.531723
Equatorial Guinea,GNQ,2015,61.12739
Equatorial Guinea,GNQ,2016,60.85943
Equatorial Guinea,GNQ,2017,61.205723
Equatorial Guinea,GNQ,2018,61.420937
Equatorial Guinea,GNQ,2019,61.387146
Equatorial Guinea,GNQ,2020,61.15866
Equatorial Guinea,GNQ,2021,61.605423
Eritrea,ERI,2000,54.933556
Eritrea,ERI,2001,56.20142
Eritrea,ERI,2002,56.756756
Eritrea,ERI,2003,57.227814
Eritrea,ERI,2004,57.689873
Eritrea,ERI,2005,58.135777
Eritrea,ERI,2006,58.758335
Eritrea,ERI,2007,59.29093
Eritrea,ERI,2008,59.618336
Eritrea,ERI,2009,60.06525
Eritrea,ERI,2010,60.44258
Eritrea,ERI,2011,60.907436
Eritrea,ERI,2012,61.350544
Eritrea,ERI,2013,61.716015
Eritrea,ERI,2014,62.187416
Eritrea,ERI,2015,62.517715
Eritrea,ERI,2016,62.877365
Eritrea,ERI,2017,63.170914
Eritrea,ERI,2018,63.47224
Eritrea,ERI,2019,63.764328
Eritrea,ERI,2020,63.820026
Eritrea,ERI,2021,63.573086
Estonia,EST,2000,70.96927
Estonia,EST,2001,70.854706
Estonia,EST,2002,71.184204
Estonia,EST,2003,71.87885
Estonia,EST,2004,72.263756
Estonia,EST,2005,72.885704
Estonia,EST,2006,73.02632
Estonia,EST,2007,73.12739
Estonia,EST,2008,74.24704
Estonia,EST,2009,75.04426
Estonia,EST,2010,75.843
Estonia,EST,2011,76.2872
Estonia,EST,2012,76.407585
Estonia,EST,2013,77.02989
Estonia,EST,2014,77.0968
Estonia,EST,2015,77.634285
Estonia,EST,2016,77.710594
Estonia,EST,2017,78.21614
Estonia,EST,2018,78.34893
Estonia,EST,2019,78.89056
Estonia,EST,2020,78.6219
Estonia,EST,2021,77.13132
Eswatini,SWZ,2000,46.777416
Eswatini,SWZ,2001,44.97441
Eswatini,SWZ,2002,43.63858
Eswatini,SWZ,2003,42.59286
Eswatini,SWZ,2004,41.874348
Eswatini,SWZ,2005,41.779877
Eswatini,SWZ,2006,42.74149
Eswatini,SWZ,2007,43.596275
Eswatini,SWZ,2008,44.275356
Eswatini,SWZ,2009,45.04734
Eswatini,SWZ,2010,46.38823
Eswatini,SWZ,2011,48.075684
Eswatini,SWZ,2012,49.108368
Eswatini,SWZ,2013,49.978138
Eswatini,SWZ,2014,50.934116
Eswatini,SWZ,2015,52.113365
Eswatini,SWZ,2016,53.132507
Eswatini,SWZ,2017,53.809246
Eswatini,SWZ,2018,54.73682
Eswatini,SWZ,2019,55.747295
Eswatini,SWZ,2020,55.968246
Eswatini,SWZ,2021,54.59267
Ethiopia,ETH,2000,50.787605
Ethiopia,ETH,2001,52.82155
Ethiopia,ETH,2002,53.81305
Ethiopia,ETH,2003,54.784847
Ethiopia,ETH,2004,55.83374
Ethiopia,ETH,2005,57.029755
Ethiopia,ETH,2006,58.320297
Ethiopia,ETH,2007,59.728405
Ethiopia,ETH,2008,61.0029
Ethiopia,ETH,2009,62.163708
Ethiopia,ETH,2010,63.254753
Ethiopia,ETH,2011,64.258575
Ethiopia,ETH,2012,65.13407
Ethiopia,ETH,2013,65.9116
Ethiopia,ETH,2014,66.559875
Ethiopia,ETH,2015,67.10395
Ethiopia,ETH,2016,67.58768
Ethiopia,ETH,2017,68.07268
Ethiopia,ETH,2018,68.47193
Ethiopia,ETH,2019,68.84848
Ethiopia,ETH,2020,68.79596
Ethiopia,ETH,2021,67.83909
Europe (WHO),WHO_EUR,2000,72.399574
Europe (WHO),WHO_EUR,2001,72.670166
Europe (WHO),WHO_EUR,2002,72.70757
Europe (WHO),WHO_EUR,2003,72.79317
Europe (WHO),WHO_EUR,2004,73.32033
Europe (WHO),WHO_EUR,2005,73.41417
Europe (WHO),WHO_EUR,2006,74.1128
Europe (WHO),WHO_EUR,2007,74.51561
Europe (WHO),WHO_EUR,2008,74.816124
Europe (WHO),WHO_EUR,2009,75.3162
Europe (WHO),WHO_EUR,2010,75.62937
Europe (WHO),WHO_EUR,2011,76.14128
Europe (WHO),WHO_EUR,2012,76.357056
Europe (WHO),WHO_EUR,2013,76.70126
Europe (WHO),WHO_EUR,2014,76.88838
Europe (WHO),WHO_EUR,2015,77.02127
Europe (WHO),WHO_EUR,2016,77.35069
Europe (WHO),WHO_EUR,2017,77.62311
Europe (WHO),WHO_EUR,2018,77.74803
Europe (WHO),WHO_EUR,2019,78.09893
Europe (WHO),WHO_EUR,2020,76.92096
Europe (WHO),WHO_EUR,2021,76.28729
Fiji,FJI,2000,65.82508
Fiji,FJI,2001,66.34541
Fiji,FJI,2002,66.704414
Fiji,FJI,2003,66.62544
Fiji,FJI,2004,67.121826
Fiji,FJI,2005,67.08455
Fiji,FJI,2006,67.080696
Fiji,FJI,2007,67.10364
Fiji,FJI,2008,67.02759
Fiji,FJI,2009,67.2529
Fiji,FJI,2010,67.31358
Fiji,FJI,2011,67.39745
Fiji,FJI,2012,67.51184
Fiji,FJI,2013,67.6291
Fiji,FJI,2014,67.72103
Fiji,FJI,2015,67.80184
Fiji,FJI,2016,67.74999
Fiji,FJI,2017,67.8717
Fiji,FJI,2018,67.867096
Fiji,FJI,2019,67.86595
Fiji,FJI,2020,67.7112
Fiji,FJI,2021,65.50059
Finland,FIN,2000,77.59495
Finland,FIN,2001,78.017845
Finland,FIN,2002,78.126144
Finland,FIN,2003,78.4102
Finland,FIN,2004,78.72834
Finland,FIN,2005,78.982735
Finland,FIN,2006,79.23326
Finland,FIN,2007,79.268745
Finland,FIN,2008,79.58347
Finland,FIN,2009,79.70604
Finland,FIN,2010,79.86591
Finland,FIN,2011,80.28431
Finland,FIN,2012,80.37589
Finland,FIN,2013,80.677986
Finland,FIN,2014,80.86537
Finland,FIN,2015,81.198845
Finland,FIN,2016,81.1166
Finland,FIN,2017,81.321434
Finland,FIN,2018,81.407684
Finland,FIN,2019,81.64702
Finland,FIN,2020,81.54462
Finland,FIN,2021,81.534195
France,FRA,2000,78.91106
France,FRA,2001,79.01103
France,FRA,2002,79.144485
France,FRA,2003,79.09103
France,FRA,2004,80.00019
France,FRA,2005,80.00456
France,FRA,2006,80.525986
France,FRA,2007,80.79627
France,FRA,2008,80.87498
France,FRA,2009,81.040634
France,FRA,2010,81.221596
France,FRA,2011,81.577194
France,FRA,2012,81.57752
France,FRA,2013,81.81996
France,FRA,2014,82.24894
France,FRA,2015,81.905136
France,FRA,2016,82.13203
France,FRA,2017,82.17094
France,FRA,2018,82.37708
France,FRA,2019,82.52902
France,FRA,2020,81.87409
France,FRA,2021,81.922745
Gabon,GAB,2000,57.68875
Gabon,GAB,2001,57.70878
Gabon,GAB,2002,58.05614
Gabon,GAB,2003,58.215584
Gabon,GAB,2004,58.708656
Gabon,GAB,2005,59.68914
Gabon,GAB,2006,60.298748
Gabon,GAB,2007,60.6706
Gabon,GAB,2008,60.804356
Gabon,GAB,2009,61.228767
Gabon,GAB,2010,61.73354
Gabon,GAB,2011,62.087692
Gabon,GAB,2012,62.667587
Gabon,GAB,2013,63.25439
Gabon,GAB,2014,63.76784
Gabon,GAB,2015,64.000786
Gabon,GAB,2016,64.255264
Gabon,GAB,2017,64.52553
Gabon,GAB,2018,64.70364
Gabon,GAB,2019,64.97252
Gabon,GAB,2020,65.126015
Gabon,GAB,2021,65.09381
Gambia,GMB,2000,59.15411
Gambia,GMB,2001,59.40248
Gambia,GMB,2002,59.58972
Gambia,GMB,2003,59.85443
Gambia,GMB,2004,60.161148
Gambia,GMB,2005,60.523113
Gambia,GMB,2006,60.885227
Gambia,GMB,2007,61.11617
Gambia,GMB,2008,61.501698
Gambia,GMB,2009,61.858185
Gambia,GMB,2010,62.35679
Gambia,GMB,2011,62.84614
Gambia,GMB,2012,63.20847
Gambia,GMB,2013,63.421806
Gambia,GMB,2014,63.577972
Gambia,GMB,2015,63.79524
Gambia,GMB,2016,64.05469
Gambia,GMB,2017,64.31746
Gambia,GMB,2018,64.60661
Gambia,GMB,2019,64.91163
Gambia,GMB,2020,64.787155
Gambia,GMB,2021,64.21397
Georgia,GEO,2000,71.06803
Georgia,GEO,2001,71.591255
Georgia,GEO,2002,69.89287
Georgia,GEO,2003,70.79664
Georgia,GEO,2004,70.54094
Georgia,GEO,2005,72.04358
Georgia,GEO,2006,72.02383
Georgia,GEO,2007,72.552574
Georgia,GEO,2008,71.71817
Georgia,GEO,2009,71.32156
Georgia,GEO,2010,71.818054
Georgia,GEO,2011,71.94044
Georgia,GEO,2012,72.185196
Georgia,GEO,2013,72.60328
Georgia,GEO,2014,72.72305
Georgia,GEO,2015,72.850136
Georgia,GEO,2016,72.63239
Georgia,GEO,2017,73.50476
Georgia,GEO,2018,73.81279
Georgia,GEO,2019,73.85275
Georgia,GEO,2020,73.10852
Georgia,GEO,2021,71.24039
Germany,DEU,2000,78.10603
Germany,DEU,2001,78.442856
Germany,DEU,2002,78.46153
Germany,DEU,2003,78.45648
Germany,DEU,2004,79.02932
Germany,DEU,2005,79.2082
Germany,DEU,2006,79.60448
Germany,DEU,2007,79.79113
Germany,DEU,2008,79.87792
Germany,DEU,2009,79.99438
Germany,DEU,2010,80.18047
Germany,DEU,2011,80.46332
Germany,DEU,2012,80.59346
Germany,DEU,2013,80.28875
Germany,DEU,2014,80.759926
Germany,DEU,2015,80.42593
Germany,DEU,2016,80.68538
Germany,DEU,2017,80.75117
Germany,DEU,2018,80.6482
Germany,DEU,2019,80.97361
Germany,DEU,2020,80.79638
Germany,DEU,2021,80.49141
Ghana,GHA,2000,59.085003
Ghana,GHA,2001,59.15249
Ghana,GHA,2002,59.31647
Ghana,GHA,2003,59.53763
Ghana,GHA,2004,59.796337
Ghana,GHA,2005,60.066296
Ghana,GHA,2006,60.3462
Ghana,GHA,2007,60.667557
Ghana,GHA,2008,61.08558
Ghana,GHA,2009,61.528023
Ghana,GHA,2010,61.974804
Ghana,GHA,2011,62.58287
Ghana,GHA,2012,63.162937
Ghana,GHA,2013,63.586727
Ghana,GHA,2014,63.96497
Ghana,GHA,2015,64.337204
Ghana,GHA,2016,64.707275
Ghana,GHA,2017,65.085945
Ghana,GHA,2018,65.51554
Ghana,GHA,2019,65.97134
Ghana,GHA,2020,66.181366
Ghana,GHA,2021,66.10178
Greece,GRC,2000,78.42148
Greece,GRC,2001,78.822174
Greece,GRC,2002,78.97253
Greece,GRC,2003,79.091934
Greece,GRC,2004,79.211716
Greece,GRC,2005,79.4015
Greece,GRC,2006,79.742584
Greece,GRC,2007,79.45113
Greece,GRC,2008,79.929245
Greece,GRC,2009,80.02249
Greece,GRC,2010,80.23862
Greece,GRC,2011,80.35771
Greece,GRC,2012,80.233154
Greece,GRC,2013,80.77962
Greece,GRC,2014,80.83819
Greece,GRC,2015,80.416084
Greece,GRC,2016,80.71257
Greece,GRC,2017,80.69403
Greece,GRC,2018,81.05192
Greece,GRC,2019,80.90745
Greece,GRC,2020,80.63174
Greece,GRC,2021,79.59785
Grenada,GRD,2000,71.59449
Grenada,GRD,2001,71.53484
Grenada,GRD,2002,71.12023
Grenada,GRD,2003,70.83279
Grenada,GRD,2004,70.406555
Grenada,GRD,2005,70.64904
Grenada,GRD,2006,70.911995
Grenada,GRD,2007,71.031364
Grenada,GRD,2008,70.92544
Grenada,GRD,2009,70.93803
Grenada,GRD,2010,71.0823
Grenada,GRD,2011,72.122505
Grenada,GRD,2012,72.68393
Grenada,GRD,2013,72.621895
Grenada,GRD,2014,72.54366
Grenada,GRD,2015,72.54736
Grenada,GRD,2016,72.49134
Grenada,GRD,2017,72.61647
Grenada,GRD,2018,72.78877
Grenada,GRD,2019,72.72979
Grenada,GRD,2020,75.351425
Grenada,GRD,2021,72.773224
Guatemala,GTM,2000,68.30883
Guatemala,GTM,2001,68.64113
Guatemala,GTM,2002,69.34051
Guatemala,GTM,2003,69.3916
Guatemala,GTM,2004,69.65899
Guatemala,GTM,2005,69.305305
Guatemala,GTM,2006,69.856346
Guatemala,GTM,2007,70.6827
Guatemala,GTM,2008,71.01416
Guatemala,GTM,2009,70.84469
Guatemala,GTM,2010,71.069435
Guatemala,GTM,2011,71.554085
Guatemala,GTM,2012,71.91727
Guatemala,GTM,2013,71.74929
Guatemala,GTM,2014,71.9774
Guatemala,GTM,2015,72.04543
Guatemala,GTM,2016,72.234924
Guatemala,GTM,2017,72.695946
Guatemala,GTM,2018,72.72919
Guatemala,GTM,2019,72.70697
Guatemala,GTM,2020,70.95989
Guatemala,GTM,2021,68.69574
Guinea,GIN,2000,54.19541
Guinea,GIN,2001,54.671764
Guinea,GIN,2002,55.180824
Guinea,GIN,2003,55.637577
Guinea,GIN,2004,56.034275
Guinea,GIN,2005,56.45302
Guinea,GIN,2006,56.85534
Guinea,GIN,2007,57.1619
Guinea,GIN,2008,57.53629
Guinea,GIN,2009,57.855587
Guinea,GIN,2010,58.264324
Guinea,GIN,2011,58.592083
Guinea,GIN,2012,58.888515
Guinea,GIN,2013,59.12749
Guinea,GIN,2014,58.607494
Guinea,GIN,2015,59.19808
Guinea,GIN,2016,59.83918
Guinea,GIN,2017,60.253593
Guinea,GIN,2018,60.659008
Guinea,GIN,2019,61.128693
Guinea,GIN,2020,61.155865
Guinea,GIN,2021,61.26251
Guinea-Bissau,GNB,2000,50.198593
Guinea-Bissau,GNB,2001,50.636726
Guinea-Bissau,GNB,2002,51.040813
Guinea-Bissau,GNB,2003,51.43514
Guinea-Bissau,GNB,2004,51.767864
Guinea-Bissau,GNB,2005,52.218185
Guinea-Bissau,GNB,2006,52.752655
Guinea-Bissau,GNB,2007,53.47366
Guinea-Bissau,GNB,2008,54.20232
Guinea-Bissau,GNB,2009,54.717804
Guinea-Bissau,GNB,2010,55.344917
Guinea-Bissau,GNB,2011,55.963272
Guinea-Bissau,GNB,2012,56.472904
Guinea-Bissau,GNB,2013,56.921696
Guinea-Bissau,GNB,2014,57.18297
Guinea-Bissau,GNB,2015,57.580135
Guinea-Bissau,GNB,2016,58.027737
Guinea-Bissau,GNB,2017,58.35219
Guinea-Bissau,GNB,2018,58.600365
Guinea-Bissau,GNB,2019,58.976315
Guinea-Bissau,GNB,2020,58.376045
Guinea-Bissau,GNB,2021,58.628017
Guyana,GUY,2000,64.65123
Guyana,GUY,2001,64.66516
Guyana,GUY,2002,64.62861
Guyana,GUY,2003,64.68059
Guyana,GUY,2004,64.8578
Guyana,GUY,2005,65.051956
Guyana,GUY,2006,65.30397
Guyana,GUY,2007,65.672485
Guyana,GUY,2008,65.755196
Guyana,GUY,2009,66.08669
Guyana,GUY,2010,66.14635
Guyana,GUY,2011,66.135315
Guyana,GUY,2012,66.17236
Guyana,GUY,2013,66.24211
Guyana,GUY,2014,66.55197
Guyana,GUY,2015,66.95277
Guyana,GUY,2016,67.56739
Guyana,GUY,2017,68.19381
Guyana,GUY,2018,68.74662
Guyana,GUY,2019,68.73185
Guyana,GUY,2020,66.93944
Guyana,GUY,2021,66.07775
Haiti,HTI,2000,56.728878
Haiti,HTI,2001,57.132904
Haiti,HTI,2002,57.58049
Haiti,HTI,2003,57.920544
Haiti,HTI,2004,57.542984
Haiti,HTI,2005,58.639965
Haiti,HTI,2006,59.246445
Haiti,HTI,2007,59.854633
Haiti,HTI,2008,60.2557
Haiti,HTI,2009,60.749382
Haiti,HTI,2010,39.9581
Haiti,HTI,2011,61.104744
Haiti,HTI,2012,61.529915
Haiti,HTI,2013,61.918743
Haiti,HTI,2014,62.25423
Haiti,HTI,2015,62.514942
Haiti,HTI,2016,62.796543
Haiti,HTI,2017,63.246002
Haiti,HTI,2018,63.471638
Haiti,HTI,2019,63.660187
Haiti,HTI,2020,63.410515
Haiti,HTI,2021,62.456387
Honduras,HND,2000,69.763214
Honduras,HND,2001,69.91583
Honduras,HND,2002,70.081085
Honduras,HND,2003,70.191956
Honduras,HND,2004,70.34005
Honduras,HND,2005,70.54437
Honduras,HND,2006,70.74488
Honduras,HND,2007,70.94703
Honduras,HND,2008,70.985855
Honduras,HND,2009,70.99449
Honduras,HND,2010,70.83427
Honduras,HND,2011,70.68279
Honduras,HND,2012,68.99496
Honduras,HND,2013,69.352875
Honduras,HND,2014,69.52157
Honduras,HND,2015,69.528984
Honduras,HND,2016,71.09198
Honduras,HND,2017,71.27117
Honduras,HND,2018,71.312645
Honduras,HND,2019,71.43843
Honduras,HND,2020,70.33476
Honduras,HND,2021,68.9631
Hungary,HUN,2000,71.361145
Hungary,HUN,2001,72.40337
Hungary,HUN,2002,72.48544
Hungary,HUN,2003,72.45014
Hungary,HUN,2004,72.86168
Hungary,HUN,2005,72.84812
Hungary,HUN,2006,73.37194
Hungary,HUN,2007,73.4584
Hungary,HUN,2008,74.000435
Hungary,HUN,2009,74.22416
Hungary,HUN,2010,74.56199
Hungary,HUN,2011,74.90162
Hungary,HUN,2012,75.11316
Hungary,HUN,2013,75.5916
Hungary,HUN,2014,75.77726
Hungary,HUN,2015,75.57001
Hungary,HUN,2016,76.07385
Hungary,HUN,2017,75.901764
Hungary,HUN,2018,76.08502
Hungary,HUN,2019,76.33549
Hungary,HUN,2020,75.76308
Hungary,HUN,2021,74.39547
Iceland,ISL,2000,79.69207
Iceland,ISL,2001,79.99494
Iceland,ISL,2002,80.30311
Iceland,ISL,2003,80.56916
Iceland,ISL,2004,80.76637
Iceland,ISL,2005,80.903046
Iceland,ISL,2006,81.03602
Iceland,ISL,2007,81.14698
Iceland,ISL,2008,81.29367
Iceland,ISL,2009,81.49587
Iceland,ISL,2010,81.681755
Iceland,ISL,2011,81.860176
Iceland,ISL,2012,81.98477
Iceland,ISL,2013,82.07381
Iceland,ISL,2014,82.09823
Iceland,ISL,2015,82.12605
Iceland,ISL,2016,82.17564
Iceland,ISL,2017,82.27341
Iceland,ISL,2018,82.37333
Iceland,ISL,2019,82.47062
Iceland,ISL,2020,82.56117
Iceland,ISL,2021,82.57767
India,IND,2000,63.198936
India,IND,2001,63.656914
India,IND,2002,64.16828
India,IND,2003,64.584404
India,IND,2004,65.06318
India,IND,2005,65.53031
India,IND,2006,65.878426
India,IND,2007,66.094345
India,IND,2008,66.427185
India,IND,2009,67.04997
India,IND,2010,67.4808
India,IND,2011,67.83941
India,IND,2012,68.22806
India,IND,2013,68.51609
India,IND,2014,68.91973
India,IND,2015,69.37799
India,IND,2016,69.78123
India,IND,2017,70.06083
India,IND,2018,70.35439
India,IND,2019,70.72711
India,IND,2020,70.18691
India,IND,2021,67.30781
Indonesia,IDN,2000,67.20521
Indonesia,IDN,2001,67.44224
Indonesia,IDN,2002,67.65122
Indonesia,IDN,2003,67.847145
Indonesia,IDN,2004,66.25107
Indonesia,IDN,2005,68.23472
Indonesia,IDN,2006,68.40129
Indonesia,IDN,2007,68.63782
Indonesia,IDN,2008,68.84079
Indonesia,IDN,2009,69.02391
Indonesia,IDN,2010,69.23626
Indonesia,IDN,2011,69.52313
Indonesia,IDN,2012,69.79466
Indonesia,IDN,2013,70.053986
Indonesia,IDN,2014,70.302986
Indonesia,IDN,2015,70.538994
Indonesia,IDN,2016,70.7758
Indonesia,IDN,2017,71.00063
Indonesia,IDN,2018,71.17604
Indonesia,IDN,2019,71.4011
Indonesia,IDN,2020,69.703674
Indonesia,IDN,2021,68.26168
Iran,IRN,2000,73.48543
Iran,IRN,2001,73.7597
Iran,IRN,2002,74.01829
Iran,IRN,2003,73.34953
Iran,IRN,2004,74.569
Iran,IRN,2005,74.88505
Iran,IRN,2006,75.20305
Iran,IRN,2007,75.565865
Iran,IRN,2008,75.92719
Iran,IRN,2009,76.241974
Iran,IRN,2010,76.566246
Iran,IRN,2011,76.87171
Iran,IRN,2012,77.0924
Iran,IRN,2013,77.19669
Iran,IRN,2014,77.29855
Iran,IRN,2015,77.278275
Iran,IRN,2016,77.37336
Iran,IRN,2017,77.478966
Iran,IRN,2018,77.69014
Iran,IRN,2019,77.78362
Iran,IRN,2020,75.18861
Iran,IRN,2021,74.71078
Iraq,IRQ,2000,69.48152
Iraq,IRQ,2001,69.810295
Iraq,IRQ,2002,70.04462
Iraq,IRQ,2003,68.913666
Iraq,IRQ,2004,69.06294
Iraq,IRQ,2005,68.68305
Iraq,IRQ,2006,67.66518
Iraq,IRQ,2007,67.808304
Iraq,IRQ,2008,69.80976
Iraq,IRQ,2009,70.617256
Iraq,IRQ,2010,71.06508
Iraq,IRQ,2011,71.398636
Iraq,IRQ,2012,71.63931
Iraq,IRQ,2013,71.23409
Iraq,IRQ,2014,70.22638
Iraq,IRQ,2015,71.00606
Iraq,IRQ,2016,71.12531
Iraq,IRQ,2017,71.60611
Iraq,IRQ,2018,73.06286
Iraq,IRQ,2019,72.9001
Iraq,IRQ,2020,70.4141
Iraq,IRQ,2021,71.466324
Ireland,IRL,2000,76.41797
Ireland,IRL,2001,77.044136
Ireland,IRL,2002,77.480034
Ireland,IRL,2003,78.023796
Ireland,IRL,2004,78.39306
Ireland,IRL,2005,78.82008
Ireland,IRL,2006,79.065636
Ireland,IRL,2007,79.35545
Ireland,IRL,2008,79.58287
Ireland,IRL,2009,79.53107
Ireland,IRL,2010,80.61701
Ireland,IRL,2011,80.38546
Ireland,IRL,2012,80.494484
Ireland,IRL,2013,80.71348
Ireland,IRL,2014,81.05218
Ireland,IRL,2015,81.13791
Ireland,IRL,2016,81.40605
Ireland,IRL,2017,81.603615
Ireland,IRL,2018,81.71153
Ireland,IRL,2019,81.939766
Ireland,IRL,2020,81.69721
Ireland,IRL,2021,81.60163
Israel,ISR,2000,78.54384
Israel,ISR,2001,78.805916
Israel,ISR,2002,78.56219
Israel,ISR,2003,79.09725
Israel,ISR,2004,79.54241
Israel,ISR,2005,79.70678
Israel,ISR,2006,79.95902
Israel,ISR,2007,80.12301
Israel,ISR,2008,80.42213
Israel,ISR,2009,81.12924
Israel,ISR,2010,81.534
Israel,ISR,2011,81.64889
Israel,ISR,2012,81.57002
Israel,ISR,2013,81.92176
Israel,ISR,2014,81.37965
Israel,ISR,2015,81.91113
Israel,ISR,2016,82.224304
Israel,ISR,2017,82.38135
Israel,ISR,2018,82.59262
Israel,ISR,2019,82.57326
Israel,ISR,2020,82.36509
Israel,ISR,2021,81.744644
Italy,ITA,2000,79.36611
Italy,ITA,2001,79.67654
Italy,ITA,2002,79.95596
Italy,ITA,2003,79.81728
Italy,ITA,2004,80.52669
Italy,ITA,2005,80.510574
Italy,ITA,2006,81.06442
Italy,ITA,2007,81.176575
Italy,ITA,2008,81.370705
Italy,ITA,2009,81.52153
Italy,ITA,2010,81.89506
Italy,ITA,2011,81.82898
Italy,ITA,2012,81.83712
Italy,ITA,2013,82.28787
Italy,ITA,2014,82.61005
Italy,ITA,2015,82.20434
Italy,ITA,2016,82.86745
Italy,ITA,2017,82.52191
Italy,ITA,2018,82.77664
Italy,ITA,2019,82.98523
Italy,ITA,2020,81.93998
Italy,ITA,2021,82.19747
Jamaica,JAM,2000,72.2533
Jamaica,JAM,2001,72.14322
Jamaica,JAM,2002,73.03304
Jamaica,JAM,2003,73.46076
Jamaica,JAM,2004,73.718346
Jamaica,JAM,2005,71.362465
Jamaica,JAM,2006,74.44973
Jamaica,JAM,2007,69.58643
Jamaica,JAM,2008,70.63773
Jamaica,JAM,2009,72.197876
Jamaica,JAM,2010,73.95795
Jamaica,JAM,2011,72.8614
Jamaica,JAM,2012,74.1903
Jamaica,JAM,2013,74.21986
Jamaica,JAM,2014,73.23855
Jamaica,JAM,2015,72.28944
Jamaica,JAM,2016,72.33025
Jamaica,JAM,2017,72.330864
Jamaica,JAM,2018,72.5179
Jamaica,JAM,2019,72.23603
Jamaica,JAM,2020,72.64038
Jamaica,JAM,2021,70.14394
Japan,JPN,2000,81.53018
Japan,JPN,2001,81.84226
Japan,JPN,2002,82.100746
Japan,JPN,2003,82.14025
Japan,JPN,2004,82.37004
Japan,JPN,2005,82.238174
Japan,JPN,2006,82.59216
Japan,JPN,2007,82.759285
Japan,JPN,2008,82.83289
Japan,JPN,2009,83.15818
Japan,JPN,2010,83.083305
Japan,JPN,2011,82.82692
Japan,JPN,2012,83.32741
Japan,JPN,2013,83.56022
Japan,JPN,2014,83.79493
Japan,JPN,2015,83.99957
Japan,JPN,2016,84.157074
Japan,JPN,2017,84.2581
Japan,JPN,2018,84.35134
Japan,JPN,2019,84.46675
Japan,JPN,2020,84.663246
Japan,JPN,2021,84.46067
Jordan,JOR,2000,72.722275
Jordan,JOR,2001,72.68024
Jordan,JOR,2002,72.928314
Jordan,JOR,2003,73.51736
Jordan,JOR,2004,73.56285
Jordan,JOR,2005,73.42688
Jordan,JOR,2006,73.85309
Jordan,JOR,2007,74.97453
Jordan,JOR,2008,75.81217
Jordan,JOR,2009,76.34652
Jordan,JOR,2010,76.689095
Jordan,JOR,2011,76.907715
Jordan,JOR,2012,77.13093
Jordan,JOR,2013,77.524704
Jordan,JOR,2014,77.96985
Jordan,JOR,2015,78.50941
Jordan,JOR,2016,78.76007
Jordan,JOR,2017,79.14252
Jordan,JOR,2018,79.631546
Jordan,JOR,2019,79.785416
Jordan,JOR,2020,77.55989
Jordan,JOR,2021,75.649734
Kazakhstan,KAZ,2000,64.353264
Kazakhstan,KAZ,2001,64.70932
Kazakhstan,KAZ,2002,65.03142
Kazakhstan,KAZ,2003,64.77834
Kazakhstan,KAZ,2004,65.11634
Kazakhstan,KAZ,2005,65.06712
Kazakhstan,KAZ,2006,65.42457
Kazakhstan,KAZ,2007,65.80148
Kazakhstan,KAZ,2008,67.14339
Kazakhstan,KAZ,2009,68.51597
Kazakhstan,KAZ,2010,68.51031
Kazakhstan,KAZ,2011,69.12836
Kazakhstan,KAZ,2012,69.67761
Kazakhstan,KAZ,2013,70.67577
Kazakhstan,KAZ,2014,71.47528
Kazakhstan,KAZ,2015,71.97923
Kazakhstan,KAZ,2016,72.395935
Kazakhstan,KAZ,2017,72.9675
Kazakhstan,KAZ,2018,73.16779
Kazakhstan,KAZ,2019,73.2028
Kazakhstan,KAZ,2020,71.32054
Kazakhstan,KAZ,2021,70.27512
Kenya,KEN,2000,54.09204
Kenya,KEN,2001,54.332836
Kenya,KEN,2002,54.58699
Kenya,KEN,2003,54.911682
Kenya,KEN,2004,55.51028
Kenya,KEN,2005,56.39514
Kenya,KEN,2006,57.464294
Kenya,KEN,2007,58.550636
Kenya,KEN,2008,59.48456
Kenya,KEN,2009,60.49062
Kenya,KEN,2010,61.28276
Kenya,KEN,2011,61.981266
Kenya,KEN,2012,62.615856
Kenya,KEN,2013,63.115753
Kenya,KEN,2014,63.636944
Kenya,KEN,2015,64.29969
Kenya,KEN,2016,65.03249
Kenya,KEN,2017,65.61127
Kenya,KEN,2018,66.06923
Kenya,KEN,2019,66.50142
Kenya,KEN,2020,66.79345
Kenya,KEN,2021,66.76222
Kiribati,KIR,2000,60.08437
Kiribati,KIR,2001,60.392048
Kiribati,KIR,2002,60.600357
Kiribati,KIR,2003,60.800396
Kiribati,KIR,2004,60.912632
Kiribati,KIR,2005,61.018593
Kiribati,KIR,2006,61.10045
Kiribati,KIR,2007,61.18689
Kiribati,KIR,2008,61.27006
Kiribati,KIR,2009,61.322598
Kiribati,KIR,2010,61.3604
Kiribati,KIR,2011,61.40194
Kiribati,KIR,2012,61.47703
Kiribati,KIR,2013,61.572964
Kiribati,KIR,2014,61.630737
Kiribati,KIR,2015,61.685375
Kiribati,KIR,2016,61.75804
Kiribati,KIR,2017,61.81778
Kiribati,KIR,2018,60.748806
Kiribati,KIR,2019,62.137848
Kiribati,KIR,2020,61.876972
Kiribati,KIR,2021,60.873455
Kuwait,KWT,2000,77.57715
Kuwait,KWT,2001,78.812935
Kuwait,KWT,2002,78.2066
Kuwait,KWT,2003,78.76243
Kuwait,KWT,2004,78.50277
Kuwait,KWT,2005,78.377525
Kuwait,KWT,2006,78.5739
Kuwait,KWT,2007,79.0591
Kuwait,KWT,2008,78.26367
Kuwait,KWT,2009,79.20188
Kuwait,KWT,2010,80.49475
Kuwait,KWT,2011,81.44805
Kuwait,KWT,2012,81.3426
Kuwait,KWT,2013,81.736725
Kuwait,KWT,2014,81.880775
Kuwait,KWT,2015,81.44722
Kuwait,KWT,2016,82.548004
Kuwait,KWT,2017,82.62316
Kuwait,KWT,2018,82.93663
Kuwait,KWT,2019,82.50221
Kuwait,KWT,2020,78.76949
Kuwait,KWT,2021,78.95212
Kyrgyzstan,KGZ,2000,65.9347
Kyrgyzstan,KGZ,2001,66.68306
Kyrgyzstan,KGZ,2002,66.25501
Kyrgyzstan,KGZ,2003,66.27051
Kyrgyzstan,KGZ,2004,66.99096
Kyrgyzstan,KGZ,2005,67.04293
Kyrgyzstan,KGZ,2006,67.10548
Kyrgyzstan,KGZ,2007,67.79056
Kyrgyzstan,KGZ,2008,68.29545
Kyrgyzstan,KGZ,2009,68.88848
Kyrgyzstan,KGZ,2010,69.19156
Kyrgyzstan,KGZ,2011,69.543945
Kyrgyzstan,KGZ,2012,69.960205
Kyrgyzstan,KGZ,2013,70.729324
Kyrgyzstan,KGZ,2014,70.89588
Kyrgyzstan,KGZ,2015,71.5434
Kyrgyzstan,KGZ,2016,72.67043
Kyrgyzstan,KGZ,2017,72.80934
Kyrgyzstan,KGZ,2018,73.28885
Kyrgyzstan,KGZ,2019,73.58598
Kyrgyzstan,KGZ,2020,71.470825
Kyrgyzstan,KGZ,2021,72.185005
Laos,LAO,2000,58.275715
Laos,LAO,2001,58.886818
Laos,LAO,2002,59.61142
Laos,LAO,2003,60.195583
Laos,LAO,2004,60.73826
Laos,LAO,2005,61.351135
Laos,LAO,2006,61.983826
Laos,LAO,2007,62.60763
Laos,LAO,2008,63.187283
Laos,LAO,2009,63.795856
Laos,LAO,2010,64.42237
Laos,LAO,2011,65.0389
Laos,LAO,2012,65.52692
Laos,LAO,2013,65.96702
Laos,LAO,2014,66.430374
Laos,LAO,2015,66.873634
Laos,LAO,2016,67.33211
Laos,LAO,2017,67.723274
Laos,LAO,2018,68.053894
Laos,LAO,2019,68.35702
Laos,LAO,2020,68.7434
Laos,LAO,2021,68.231895
Latvia,LVA,2000,70.214584
Latvia,LVA,2001,69.809784
Latvia,LVA,2002,70.106255
Latvia,LVA,2003,70.55494
Latvia,LVA,2004,70.813965
Latvia,LVA,2005,70.49159
Latvia,LVA,2006,70.37307
Latvia,LVA,2007,70.752266
Latvia,LVA,2008,71.852325
Latvia,LVA,2009,72.66145
Latvia,LVA,2010,72.879944
Latvia,LVA,2011,73.67058
Latvia,LVA,2012,73.865364
Latvia,LVA,2013,74.1256
Latvia,LVA,2014,74.435875
Latvia,LVA,2015,74.81086
Latvia,LVA,2016,74.95311
Latvia,LVA,2017,74.96277
Latvia,LVA,2018,75.05473
Latvia,LVA,2019,75.6849
Latvia,LVA,2020,75.498856
Latvia,LVA,2021,73.202515
Lebanon,LBN,2000,75.71501
Lebanon,LBN,2001,76.15626
Lebanon,LBN,2002,76.55401
Lebanon,LBN,2003,76.8031
Lebanon,LBN,2004,77.09704
Lebanon,LBN,2005,77.17133
Lebanon,LBN,2006,76.797005
Lebanon,LBN,2007,77.46683
Lebanon,LBN,2008,77.52542
Lebanon,LBN,2009,77.79034
Lebanon,LBN,2010,77.967316
Lebanon,LBN,2011,77.97377
Lebanon,LBN,2012,78.05804
Lebanon,LBN,2013,78.164795
Lebanon,LBN,2014,78.225586
Lebanon,LBN,2015,78.437416
Lebanon,LBN,2016,78.818405
Lebanon,LBN,2017,79.03043
Lebanon,LBN,2018,79.36847
Lebanon,LBN,2019,79.2868
Lebanon,LBN,2020,77.701164
Lebanon,LBN,2021,74.34207
Lesotho,LSO,2000,47.381275
Lesotho,LSO,2001,47.971325
Lesotho,LSO,2002,47.82881
Lesotho,LSO,2003,45.645382
Lesotho,LSO,2004,43.806763
Lesotho,LSO,2005,42.6643
Lesotho,LSO,2006,42.39283
Lesotho,LSO,2007,43.88764
Lesotho,LSO,2008,45.904396
Lesotho,LSO,2009,47.420486
Lesotho,LSO,2010,48.565105
Lesotho,LSO,2011,49.10182
Lesotho,LSO,2012,49.02029
Lesotho,LSO,2013,48.960594
Lesotho,LSO,2014,48.6839
Lesotho,LSO,2015,48.838135
Lesotho,LSO,2016,49.94867
Lesotho,LSO,2017,51.054165
Lesotho,LSO,2018,51.601295
Lesotho,LSO,2019,51.77852
Lesotho,LSO,2020,51.853527
Lesotho,LSO,2021,51.479076
Liberia,LBR,2000,53.273712
Liberia,LBR,2001,53.931454
Liberia,LBR,2002,53.66641
Liberia,LBR,2003,53.624584
Liberia,LBR,2004,56.44158
Liberia,LBR,2005,57.559456
Liberia,LBR,2006,58.562992
Liberia,LBR,2007,59.31134
Liberia,LBR,2008,59.7563
Liberia,LBR,2009,60.050625
Liberia,LBR,2010,60.358273
Liberia,LBR,2011,60.734303
Liberia,LBR,2012,61.082897
Liberia,LBR,2013,61.384743
Liberia,LBR,2014,58.1126
Liberia,LBR,2015,60.37755
Liberia,LBR,2016,62.213055
Liberia,LBR,2017,62.629585
Liberia,LBR,2018,63.0916
Liberia,LBR,2019,63.44171
Liberia,LBR,2020,63.456577
Liberia,LBR,2021,63.45731
Libya,LBY,2000,74.04473
Libya,LBY,2001,73.74235
Libya,LBY,2002,73.45018
Libya,LBY,2003,73.51059
Libya,LBY,2004,73.848785
Libya,LBY,2005,74.01467
Libya,LBY,2006,74.61102
Libya,LBY,2007,74.500206
Libya,LBY,2008,74.20132
Libya,LBY,2009,74.134415
Libya,LBY,2010,74.11333
Libya,LBY,2011,71.43952
Libya,LBY,2012,73.92407
Libya,LBY,2013,74.218735
Libya,LBY,2014,72.60114
Libya,LBY,2015,72.65332
Libya,LBY,2016,72.63664
Libya,LBY,2017,73.151695
Libya,LBY,2018,73.5291
Libya,LBY,2019,73.543655
Libya,LBY,2020,72.64875
Libya,LBY,2021,72.17844
Lithuania,LTU,2000,71.99826
Lithuania,LTU,2001,71.51539
Lithuania,LTU,2002,71.689186
Lithuania,LTU,2003,71.84649
Lithuania,LTU,2004,71.87472
Lithuania,LTU,2005,71.10368
Lithuania,LTU,2006,70.89301
Lithuania,LTU,2007,70.61092
Lithuania,LTU,2008,71.62596
Lithuania,LTU,2009,72.78268
Lithuania,LTU,2010,73.07762
Lithuania,LTU,2011,73.54804
Lithuania,LTU,2012,73.838066
Lithuania,LTU,2013,73.86696
Lithuania,LTU,2014,74.498436
Lithuania,LTU,2015,74.36613
Lithuania,LTU,2016,74.70146
Lithuania,LTU,2017,75.48786
Lithuania,LTU,2018,75.75173
Lithuania,LTU,2019,76.24762
Lithuania,LTU,2020,74.89538
Lithuania,LTU,2021,74.13315
Luxembourg,LUX,2000,78.41632
Luxembourg,LUX,2001,78.61781
Luxembourg,LUX,2002,78.80641
Luxembourg,LUX,2003,79.032074
Luxembourg,LUX,2004,79.25869
Luxembourg,LUX,2005,79.57584
Luxembourg,LUX,2006,79.91413
Luxembourg,LUX,2007,80.26356
Luxembourg,LUX,2008,80.565155
Luxembourg,LUX,2009,80.92194
Luxembourg,LUX,2010,81.17522
Luxembourg,LUX,2011,81.3926
Luxembourg,LUX,2012,81.566086
Luxembourg,LUX,2013,81.8782
Luxembourg,LUX,2014,82.16086
Luxembourg,LUX,2015,82.3849
Luxembourg,LUX,2016,82.55544
Luxembourg,LUX,2017,82.70167
Luxembourg,LUX,2018,82.81654
Luxembourg,LUX,2019,82.80168
Luxembourg,LUX,2020,82.82955
Luxembourg,LUX,2021,82.78029
Madagascar,MDG,2000,58.73235
Madagascar,MDG,2001,59.24815
Madagascar,MDG,2002,59.42748
Madagascar,MDG,2003,59.725437
Madagascar,MDG,2004,60.1115
Madagascar,MDG,2005,60.67184
Madagascar,MDG,2006,61.19063
Madagascar,MDG,2007,61.67182
Madagascar,MDG,2008,62.01528
Madagascar,MDG,2009,62.24884
Madagascar,MDG,2010,62.523594
Madagascar,MDG,2011,62.75966
Madagascar,MDG,2012,62.960022
Madagascar,MDG,2013,63.116573
Madagascar,MDG,2014,63.225967
Madagascar,MDG,2015,63.35879
Madagascar,MDG,2016,63.465103
Madagascar,MDG,2017,63.57936
Madagascar,MDG,2018,63.714233
Madagascar,MDG,2019,63.816647
Madagascar,MDG,2020,63.076283
Madagascar,MDG,2021,62.934254
Malawi,MWI,2000,44.641262
Malawi,MWI,2001,45.39401
Malawi,MWI,2002,46.236073
Malawi,MWI,2003,47.14251
Malawi,MWI,2004,48.060875
Malawi,MWI,2005,49.350212
Malawi,MWI,2006,50.92539
Malawi,MWI,2007,52.54577
Malawi,MWI,2008,54.260933
Malawi,MWI,2009,55.727898
Malawi,MWI,2010,56.870544
Malawi,MWI,2011,58.108562
Malawi,MWI,2012,59.420597
Malawi,MWI,2013,60.554913
Malawi,MWI,2014,61.347107
Malawi,MWI,2015,61.825123
Malawi,MWI,2016,62.19781
Malawi,MWI,2017,62.55194
Malawi,MWI,2018,62.918633
Malawi,MWI,2019,63.229305
Malawi,MWI,2020,63.46288
Malawi,MWI,2021,62.486526
Malaysia,MYS,2000,73.01343
Malaysia,MYS,2001,73.519356
Malaysia,MYS,2002,73.781944
Malaysia,MYS,2003,73.62194
Malaysia,MYS,2004,73.82138
Malaysia,MYS,2005,74.06195
Malaysia,MYS,2006,74.30399
Malaysia,MYS,2007,74.43641
Malaysia,MYS,2008,74.19396
Malaysia,MYS,2009,74.01457
Malaysia,MYS,2010,74.02632
Malaysia,MYS,2011,74.230515
Malaysia,MYS,2012,74.61638
Malaysia,MYS,2013,74.723076
Malaysia,MYS,2014,74.647316
Malaysia,MYS,2015,74.27827
Malaysia,MYS,2016,74.419495
Malaysia,MYS,2017,74.40098
Malaysia,MYS,2018,74.52806
Malaysia,MYS,2019,74.684105
Malaysia,MYS,2020,76.78966
Malaysia,MYS,2021,72.810104
Maldives,MDV,2000,69.82224
Maldives,MDV,2001,70.456764
Maldives,MDV,2002,71.06297
Maldives,MDV,2003,71.62171
Maldives,MDV,2004,71.34888
Maldives,MDV,2005,72.86573
Maldives,MDV,2006,73.36206
Maldives,MDV,2007,73.71468
Maldives,MDV,2008,74.09191
Maldives,MDV,2009,74.43155
Maldives,MDV,2010,74.73135
Maldives,MDV,2011,75.10253
Maldives,MDV,2012,75.84623
Maldives,MDV,2013,76.29978
Maldives,MDV,2014,76.80961
Maldives,MDV,2015,77.252975
Maldives,MDV,2016,77.72035
Maldives,MDV,2017,78.169556
Maldives,MDV,2018,78.67792
Maldives,MDV,2019,75.449394
Maldives,MDV,2020,76.19088
Maldives,MDV,2021,75.396645
Mali,MLI,2000,53.058628
Mali,MLI,2001,53.62182
Mali,MLI,2002,54.16298
Mali,MLI,2003,54.8506
Mali,MLI,2004,55.692703
Mali,MLI,2005,56.257397
Mali,MLI,2006,56.775093
Mali,MLI,2007,57.34349
Mali,MLI,2008,57.78456
Mali,MLI,2009,58.277107
Mali,MLI,2010,58.648064
Mali,MLI,2011,59.0475
Mali,MLI,2012,59.270996
Mali,MLI,2013,59.379375
Mali,MLI,2014,59.775616
Mali,MLI,2015,60.12126
Mali,MLI,2016,60.636665
Mali,MLI,2017,61.01919
Mali,MLI,2018,61.31661
Mali,MLI,2019,61.83291
Mali,MLI,2020,61.468155
Mali,MLI,2021,61.673985
Malta,MLT,2000,77.81522
Malta,MLT,2001,78.1145
Malta,MLT,2002,78.40889
Malta,MLT,2003,78.67686
Malta,MLT,2004,78.90071
Malta,MLT,2005,79.12588
Malta,MLT,2006,79.36713
Malta,MLT,2007,79.642265
Malta,MLT,2008,79.93205
Malta,MLT,2009,80.249115
Malta,MLT,2010,80.4835
Malta,MLT,2011,80.716896
Malta,MLT,2012,80.93952
Malta,MLT,2013,81.20456
Malta,MLT,2014,81.45293
Malta,MLT,2015,81.67976
Malta,MLT,2016,81.880806
Malta,MLT,2017,82.05745
Malta,MLT,2018,82.264565
Malta,MLT,2019,82.14648
Malta,MLT,2020,82.01478
Malta,MLT,2021,81.811935
Mauritania,MRT,2000,62.920742
Mauritania,MRT,2001,63.487488
Mauritania,MRT,2002,64.15779
Mauritania,MRT,2003,64.83743
Mauritania,MRT,2004,65.40084
Mauritania,MRT,2005,65.90884
Mauritania,MRT,2006,66.62016
Mauritania,MRT,2007,67.11455
Mauritania,MRT,2008,67.64337
Mauritania,MRT,2009,68.08447
Mauritania,MRT,2010,68.45329
Mauritania,MRT,2011,68.79857
Mauritania,MRT,2012,69.092224
Mauritania,MRT,2013,69.22464
Mauritania,MRT,2014,69.29387
Mauritania,MRT,2015,69.45427
Mauritania,MRT,2016,69.6577
Mauritania,MRT,2017,69.81185
Mauritania,MRT,2018,69.997375
Mauritania,MRT,2019,70.17547
Mauritania,MRT,2020,68.92697
Mauritania,MRT,2021,68.86844
Mauritius,MUS,2000,71.135414
Mauritius,MUS,2001,71.43969
Mauritius,MUS,2002,71.67924
Mauritius,MUS,2003,71.84387
Mauritius,MUS,2004,71.98706
Mauritius,MUS,2005,72.14097
Mauritius,MUS,2006,72.376045
Mauritius,MUS,2007,72.60451
Mauritius,MUS,2008,72.86571
Mauritius,MUS,2009,73.10057
Mauritius,MUS,2010,73.345505
Mauritius,MUS,2011,73.515724
Mauritius,MUS,2012,73.6903
Mauritius,MUS,2013,73.80337
Mauritius,MUS,2014,74.009926
Mauritius,MUS,2015,74.12593
Mauritius,MUS,2016,74.1581
Mauritius,MUS,2017,74.11525
Mauritius,MUS,2018,74.02504
Mauritius,MUS,2019,74.05607
Mauritius,MUS,2020,73.569756
Mauritius,MUS,2021,73.41967
Mexico,MEX,2000,74.21831
Mexico,MEX,2001,74.55106
Mexico,MEX,2002,74.58876
Mexico,MEX,2003,74.62789
Mexico,MEX,2004,75.04316
Mexico,MEX,2005,74.92684
Mexico,MEX,2006,75.336494
Mexico,MEX,2007,75.52455
Mexico,MEX,2008,75.087395
Mexico,MEX,2009,75.14215
Mexico,MEX,2010,74.952545
Mexico,MEX,2011,75.426315
Mexico,MEX,2012,75.64457
Mexico,MEX,2013,75.92945
Mexico,MEX,2014,75.90739
Mexico,MEX,2015,75.939674
Mexico,MEX,2016,75.76103
Mexico,MEX,2017,75.870224
Mexico,MEX,2018,75.91674
Mexico,MEX,2019,75.83443
Mexico,MEX,2020,70.94625
Mexico,MEX,2021,70.83259
Micronesia (country),FSM,2000,63.558315
Micronesia (country),FSM,2001,63.81961
Micronesia (country),FSM,2002,62.916645
Micronesia (country),FSM,2003,64.10175
Micronesia (country),FSM,2004,64.15853
Micronesia (country),FSM,2005,64.214
Micronesia (country),FSM,2006,64.28893
Micronesia (country),FSM,2007,64.36936
Micronesia (country),FSM,2008,64.49274
Micronesia (country),FSM,2009,64.68062
Micronesia (country),FSM,2010,64.777794
Micronesia (country),FSM,2011,64.90882
Micronesia (country),FSM,2012,65.02895
Micronesia (country),FSM,2013,65.162964
Micronesia (country),FSM,2014,65.267746
Micronesia (country),FSM,2015,65.32541
Micronesia (country),FSM,2016,65.52421
Micronesia (country),FSM,2017,65.65708
Micronesia (country),FSM,2018,65.82694
Micronesia (country),FSM,2019,65.94346
Micronesia (country),FSM,2020,65.67162
Micronesia (country),FSM,2021,65.709564
Moldova,MDA,2000,65.659225
Moldova,MDA,2001,66.206894
Moldova,MDA,2002,66.13289
Moldova,MDA,2003,66.19701
Moldova,MDA,2004,66.63894
Moldova,MDA,2005,65.99302
Moldova,MDA,2006,66.71689
Moldova,MDA,2007,67.22689
Moldova,MDA,2008,67.81122
Moldova,MDA,2009,68.02716
Moldova,MDA,2010,67.76693
Moldova,MDA,2011,69.8207
Moldova,MDA,2012,70.254555
Moldova,MDA,2013,71.324974
Moldova,MDA,2014,71.10985
Moldova,MDA,2015,71.14655
Moldova,MDA,2016,71.845825
Moldova,MDA,2017,72.85857
Moldova,MDA,2018,72.9034
Moldova,MDA,2019,73.32011
Moldova,MDA,2020,72.14867
Moldova,MDA,2021,69.55781
Mongolia,MNG,2000,63.198395
Mongolia,MNG,2001,63.48956
Mongolia,MNG,2002,63.992672
Mongolia,MNG,2003,64.44695
Mongolia,MNG,2004,64.84072
Mongolia,MNG,2005,65.26255
Mongolia,MNG,2006,65.78317
Mongolia,MNG,2007,66.377495
Mongolia,MNG,2008,66.902115
Mongolia,MNG,2009,66.92759
Mongolia,MNG,2010,67.10228
Mongolia,MNG,2011,67.303665
Mongolia,MNG,2012,67.84058
Mongolia,MNG,2013,68.39261
Mongolia,MNG,2014,68.96351
Mongolia,MNG,2015,69.24605
Mongolia,MNG,2016,69.64443
Mongolia,MNG,2017,70.09899
Mongolia,MNG,2018,70.47775
Mongolia,MNG,2019,70.75018
Mongolia,MNG,2020,72.70623
Mongolia,MNG,2021,70.09795
Montenegro,MNE,2000,73.4336
Montenegro,MNE,2001,73.45015
Montenegro,MNE,2002,73.54606
Montenegro,MNE,2003,73.620125
Montenegro,MNE,2004,73.73506
Montenegro,MNE,2005,73.987434
Montenegro,MNE,2006,74.28741
Montenegro,MNE,2007,74.67252
Montenegro,MNE,2008,75.02701
Montenegro,MNE,2009,75.38841
Montenegro,MNE,2010,75.71791
Montenegro,MNE,2011,75.9899
Montenegro,MNE,2012,76.176094
Montenegro,MNE,2013,76.357635
Montenegro,MNE,2014,76.6203
Montenegro,MNE,2015,76.86028
Montenegro,MNE,2016,77.060524
Montenegro,MNE,2017,77.14981
Montenegro,MNE,2018,77.22277
Montenegro,MNE,2019,76.84
Montenegro,MNE,2020,75.47582
Montenegro,MNE,2021,74.709755
Morocco,MAR,2000,70.1946
Morocco,MAR,2001,70.45858
Morocco,MAR,2002,70.73933
Morocco,MAR,2003,70.88041
Morocco,MAR,2004,71.03043
Morocco,MAR,2005,71.23384
Morocco,MAR,2006,71.429016
Morocco,MAR,2007,71.60884
Morocco,MAR,2008,71.88491
Morocco,MAR,2009,72.16145
Morocco,MAR,2010,72.37287
Morocco,MAR,2011,72.577385
Morocco,MAR,2012,72.780464
Morocco,MAR,2013,72.96567
Morocco,MAR,2014,73.120384
Morocco,MAR,2015,73.262596
Morocco,MAR,2016,73.40717
Morocco,MAR,2017,73.53352
Morocco,MAR,2018,73.60593
Morocco,MAR,2019,73.748856
Morocco,MAR,2020,72.50616
Morocco,MAR,2021,72.61868
Mozambique,MOZ,2000,50.953144
Mozambique,MOZ,2001,51.31529
Mozambique,MOZ,2002,51.470142
Mozambique,MOZ,2003,51.671238
Mozambique,MOZ,2004,51.815186
Mozambique,MOZ,2005,51.92846
Mozambique,MOZ,2006,52.164127
Mozambique,MOZ,2007,52.585182
Mozambique,MOZ,2008,53.063396
Mozambique,MOZ,2009,53.32648
Mozambique,MOZ,2010,53.3315
Mozambique,MOZ,2011,53.527023
Mozambique,MOZ,2012,53.741745
Mozambique,MOZ,2013,54.24268
Mozambique,MOZ,2014,55.02758
Mozambique,MOZ,2015,55.85531
Mozambique,MOZ,2016,56.634903
Mozambique,MOZ,2017,57.33254
Mozambique,MOZ,2018,57.943302
Mozambique,MOZ,2019,58.50506
Mozambique,MOZ,2020,58.63146
Mozambique,MOZ,2021,57.662025
Myanmar,MMR,2000,59.37967
Myanmar,MMR,2001,59.77709
Myanmar,MMR,2002,60.199947
Myanmar,MMR,2003,60.642242
Myanmar,MMR,2004,61.069607
Myanmar,MMR,2005,61.619858
Myanmar,MMR,2006,62.15642
Myanmar,MMR,2007,62.775658
Myanmar,MMR,2008,56.908306
Myanmar,MMR,2009,63.990677
Myanmar,MMR,2010,64.643715
Myanmar,MMR,2011,65.2286
Myanmar,MMR,2012,65.86632
Myanmar,MMR,2013,66.447716
Myanmar,MMR,2014,67.03958
Myanmar,MMR,2015,67.42672
Myanmar,MMR,2016,67.86248
Myanmar,MMR,2017,67.950775
Myanmar,MMR,2018,68.55999
Myanmar,MMR,2019,68.805176
Myanmar,MMR,2020,68.86849
Myanmar,MMR,2021,67.84581
Namibia,NAM,2000,53.024754
Namibia,NAM,2001,52.373993
Namibia,NAM,2002,51.74326
Namibia,NAM,2003,51.394474
Namibia,NAM,2004,51.647926
Namibia,NAM,2005,52.834095
Namibia,NAM,2006,54.699566
Namibia,NAM,2007,56.836414
Namibia,NAM,2008,58.622032
Namibia,NAM,2009,59.504364
Namibia,NAM,2010,60.12459
Namibia,NAM,2011,60.883114
Namibia,NAM,2012,61.49462
Namibia,NAM,2013,61.877697
Namibia,NAM,2014,61.949486
Namibia,NAM,2015,61.861504
Namibia,NAM,2016,62.057556
Namibia,NAM,2017,62.371838
Namibia,NAM,2018,62.82855
Namibia,NAM,2019,63.492653
Namibia,NAM,2020,63.752098
Namibia,NAM,2021,60.359947
Nepal,NPL,2000,65.36599
Nepal,NPL,2001,66.16931
Nepal,NPL,2002,66.45259
Nepal,NPL,2003,67.35784
Nepal,NPL,2004,67.69735
Nepal,NPL,2005,68.189445
Nepal,NPL,2006,68.54568
Nepal,NPL,2007,68.805046
Nepal,NPL,2008,69.03487
Nepal,NPL,2009,69.26899
Nepal,NPL,2010,69.47192
Nepal,NPL,2011,69.608284
Nepal,NPL,2012,69.78952
Nepal,NPL,2013,69.97888
Nepal,NPL,2014,70.19244
Nepal,NPL,2015,69.77674
Nepal,NPL,2016,70.59248
Nepal,NPL,2017,70.84484
Nepal,NPL,2018,71.102455
Nepal,NPL,2019,71.36143
Nepal,NPL,2020,70.98965
Nepal,NPL,2021,70.04937
Netherlands,NLD,2000,78.01204
Netherlands,NLD,2001,78.218185
Netherlands,NLD,2002,78.2883
Netherlands,NLD,2003,78.52544
Netherlands,NLD,2004,79.09592
Netherlands,NLD,2005,79.341446
Netherlands,NLD,2006,79.71294
Netherlands,NLD,2007,80.12725
Netherlands,NLD,2008,80.255775
Netherlands,NLD,2009,80.54361
Netherlands,NLD,2010,80.68591
Netherlands,NLD,2011,80.95611
Netherlands,NLD,2012,80.888725
Netherlands,NLD,2013,81.116936
Netherlands,NLD,2014,81.45623
Netherlands,NLD,2015,81.28069
Netherlands,NLD,2016,81.340485
Netherlands,NLD,2017,81.527985
Netherlands,NLD,2018,81.89521
Netherlands,NLD,2019,82.33883
Netherlands,NLD,2020,81.40141
Netherlands,NLD,2021,81.12479
New Zealand,NZL,2000,78.575195
New Zealand,NZL,2001,78.46854
New Zealand,NZL,2002,78.65903
New Zealand,NZL,2003,79.05551
New Zealand,NZL,2004,79.15482
New Zealand,NZL,2005,79.93637
New Zealand,NZL,2006,79.88698
New Zealand,NZL,2007,80.04299
New Zealand,NZL,2008,80.306755
New Zealand,NZL,2009,80.56244
New Zealand,NZL,2010,80.94445
New Zealand,NZL,2011,80.7498
New Zealand,NZL,2012,81.08807
New Zealand,NZL,2013,81.3636
New Zealand,NZL,2014,81.192986
New Zealand,NZL,2015,81.31376
New Zealand,NZL,2016,81.730385
New Zealand,NZL,2017,81.16381
New Zealand,NZL,2018,81.7554
New Zealand,NZL,2019,81.81181
New Zealand,NZL,2020,82.50161
New Zealand,NZL,2021,82.20149
Nicaragua,NIC,2000,76.180115
Nicaragua,NIC,2001,76.09169
Nicaragua,NIC,2002,75.92476
Nicaragua,NIC,2003,75.81401
Nicaragua,NIC,2004,75.888084
Nicaragua,NIC,2005,75.71991
Nicaragua,NIC,2006,76.73425
Nicaragua,NIC,2007,76.42102
Nicaragua,NIC,2008,76.35593
Nicaragua,NIC,2009,76.56415
Nicaragua,NIC,2010,77.06996
Nicaragua,NIC,2011,76.943634
Nicaragua,NIC,2012,77.05201
Nicaragua,NIC,2013,77.25621
Nicaragua,NIC,2014,77.51892
Nicaragua,NIC,2015,78.26048
Nicaragua,NIC,2016,77.925804
Nicaragua,NIC,2017,78.50836
Nicaragua,NIC,2018,78.450905
Nicaragua,NIC,2019,78.87405
Nicaragua,NIC,2020,75.042336
Nicaragua,NIC,2021,75.02796
Niger,NER,2000,50.242985
Niger,NER,2001,50.89946
Niger,NER,2002,51.886528
Niger,NER,2003,52.7807
Niger,NER,2004,53.861595
Niger,NER,2005,54.75407
Niger,NER,2006,55.74288
Niger,NER,2007,56.459362
Niger,NER,2008,57.32288
Niger,NER,2009,57.841778
Niger,NER,2010,58.29155
Niger,NER,2011,58.60581
Niger,NER,2012,58.92187
Niger,NER,2013,59.22776
Niger,NER,2014,59.45072
Niger,NER,2015,59.633583
Niger,NER,2016,59.835934
Niger,NER,2017,60.227253
Niger,NER,2018,60.43808
Niger,NER,2019,60.573036
Niger,NER,2020,60.391926
Niger,NER,2021,59.970707
Nigeria,NGA,2000,54.057667
Nigeria,NGA,2001,54.473717
Nigeria,NGA,2002,54.963894
Nigeria,NGA,2003,55.5847
Nigeria,NGA,2004,56.18947
Nigeria,NGA,2005,56.917492
Nigeria,NGA,2006,57.552204
Nigeria,NGA,2007,58.1778
Nigeria,NGA,2008,58.749016
Nigeria,NGA,2009,59.301983
Nigeria,NGA,2010,59.78799
Nigeria,NGA,2011,60.198124
Nigeria,NGA,2012,60.64325
Nigeria,NGA,2013,61.04119
Nigeria,NGA,2014,61.375237
Nigeria,NGA,2015,61.733597
Nigeria,NGA,2016,62.04834
Nigeria,NGA,2017,62.362095
Nigeria,NGA,2018,62.68563
Nigeria,NGA,2019,63.065784
Nigeria,NGA,2020,62.835403
Nigeria,NGA,2021,63.3975
North Korea,PRK,2000,62.518
North Korea,PRK,2001,62.629284
North Korea,PRK,2002,62.792187
North Korea,PRK,2003,69.38324
North Korea,PRK,2004,69.49693
North Korea,PRK,2005,69.627785
North Korea,PRK,2006,69.704765
North Korea,PRK,2007,69.69221
North Korea,PRK,2008,69.79895
North Korea,PRK,2009,69.87201
North Korea,PRK,2010,70.02264
North Korea,PRK,2011,70.26242
North Korea,PRK,2012,70.53324
North Korea,PRK,2013,70.836075
North Korea,PRK,2014,71.13792
North Korea,PRK,2015,71.407684
North Korea,PRK,2016,71.62259
North Korea,PRK,2017,71.92237
North Korea,PRK,2018,72.10726
North Korea,PRK,2019,72.31892
North Korea,PRK,2020,72.37905
North Korea,PRK,2021,72.64315
North Macedonia,MKD,2000,72.94763
North Macedonia,MKD,2001,73.267334
North Macedonia,MKD,2002,72.912735
North Macedonia,MKD,2003,73.22933
North Macedonia,MKD,2004,73.6232
North Macedonia,MKD,2005,73.73592
North Macedonia,MKD,2006,73.82464
North Macedonia,MKD,2007,73.65893
North Macedonia,MKD,2008,74.317604
North Macedonia,MKD,2009,74.58842
North Macedonia,MKD,2010,74.84175
North Macedonia,MKD,2011,74.96127
North Macedonia,MKD,2012,74.93754
North Macedonia,MKD,2013,75.43073
North Macedonia,MKD,2014,75.25754
North Macedonia,MKD,2015,75.34082
North Macedonia,MKD,2016,75.562744
North Macedonia,MKD,2017,75.98452
North Macedonia,MKD,2018,76.46396
North Macedonia,MKD,2019,76.14805
North Macedonia,MKD,2020,74.37069
North Macedonia,MKD,2021,72.99535
Norway,NOR,2000,78.53511
Norway,NOR,2001,78.745705
Norway,NOR,2002,78.85942
Norway,NOR,2003,79.39711
Norway,NOR,2004,79.81803
Norway,NOR,2005,80.05177
Norway,NOR,2006,80.281685
Norway,NOR,2007,80.35099
Norway,NOR,2008,80.49471
Norway,NOR,2009,80.74746
Norway,NOR,2010,80.866875
Norway,NOR,2011,80.96925
Norway,NOR,2012,81.23445
Norway,NOR,2013,81.43412
Norway,NOR,2014,81.828445
Norway,NOR,2015,81.99495
Norway,NOR,2016,82.11289
Norway,NOR,2017,82.33383
Norway,NOR,2018,82.4423
Norway,NOR,2019,82.657524
Norway,NOR,2020,82.83923
Norway,NOR,2021,82.881996
Oman,OMN,2000,71.65888
Oman,OMN,2001,72.18472
Oman,OMN,2002,72.45728
Oman,OMN,2003,72.75428
Oman,OMN,2004,73.14912
Oman,OMN,2005,73.36146
Oman,OMN,2006,73.46706
Oman,OMN,2007,73.40223
Oman,OMN,2008,73.35032
Oman,OMN,2009,73.06402
Oman,OMN,2010,73.020004
Oman,OMN,2011,73.21786
Oman,OMN,2012,73.59907
Oman,OMN,2013,73.91616
Oman,OMN,2014,73.941666
Oman,OMN,2015,73.77326
Oman,OMN,2016,73.72044
Oman,OMN,2017,74.14573
Oman,OMN,2018,74.9647
Oman,OMN,2019,75.28986
Oman,OMN,2020,73.88668
Oman,OMN,2021,72.47677
Pakistan,PAK,2000,61.408573
Pakistan,PAK,2001,61.677544
Pakistan,PAK,2002,61.928978
Pakistan,PAK,2003,62.14631
Pakistan,PAK,2004,62.44388
Pakistan,PAK,2005,61.99158
Pakistan,PAK,2006,63.0715
Pakistan,PAK,2007,63.384457
Pakistan,PAK,2008,63.66141
Pakistan,PAK,2009,63.922672
Pakistan,PAK,2010,64.14819
Pakistan,PAK,2011,64.541885
Pakistan,PAK,2012,64.82125
Pakistan,PAK,2013,65.10778
Pakistan,PAK,2014,65.39255
Pakistan,PAK,2015,65.69976
Pakistan,PAK,2016,66.05197
Pakistan,PAK,2017,66.38183
Pakistan,PAK,2018,66.73689
Pakistan,PAK,2019,67.02931
Pakistan,PAK,2020,65.84949
Pakistan,PAK,2021,65.99092
Palestine,PSE,2000,69.889465
Palestine,PSE,2001,69.33251
Palestine,PSE,2002,68.631424
Palestine,PSE,2003,69.631775
Palestine,PSE,2004,69.48492
Palestine,PSE,2005,70.5601
Palestine,PSE,2006,69.225494
Palestine,PSE,2007,70.80595
Palestine,PSE,2008,68.97865
Palestine,PSE,2009,69.430756
Palestine,PSE,2010,72.64524
Palestine,PSE,2011,72.7832
Palestine,PSE,2012,73.0973
Palestine,PSE,2013,74.20102
Palestine,PSE,2014,74.197044
Palestine,PSE,2015,74.56005
Palestine,PSE,2016,74.99065
Palestine,PSE,2017,75.4537
Palestine,PSE,2018,75.71172
Palestine,PSE,2019,75.830986
Palestine,PSE,2020,75.13414
Palestine,PSE,2021,73.49178
Panama,PAN,2000,76.15179
Panama,PAN,2001,76.07141
Panama,PAN,2002,76.28354
Panama,PAN,2003,76.18665
Panama,PAN,2004,76.48167
Panama,PAN,2005,76.45197
Panama,PAN,2006,76.7266
Panama,PAN,2007,76.98646
Panama,PAN,2008,76.98279
Panama,PAN,2009,77.169
Panama,PAN,2010,76.99379
Panama,PAN,2011,77.51684
Panama,PAN,2012,77.449066
Panama,PAN,2013,77.65231
Panama,PAN,2014,77.76557
Panama,PAN,2015,78.144844
Panama,PAN,2016,78.24464
Panama,PAN,2017,78.33178
Panama,PAN,2018,78.651344
Panama,PAN,2019,78.97361
Panama,PAN,2020,77.34685
Panama,PAN,2021,77.2387
Papua New Guinea,PNG,2000,63.35685
Papua New Guinea,PNG,2001,63.373566
Papua New Guinea,PNG,2002,63.43343
Papua New Guinea,PNG,2003,63.558826
Papua New Guinea,PNG,2004,63.627033
Papua New Guinea,PNG,2005,63.687057
Papua New Guinea,PNG,2006,63.77212
Papua New Guinea,PNG,2007,64.07514
Papua New Guinea,PNG,2008,64.35307
Papua New Guinea,PNG,2009,64.63296
Papua New Guinea,PNG,2010,64.88775
Papua New Guinea,PNG,2011,65.03279
Papua New Guinea,PNG,2012,65.1694
Papua New Guinea,PNG,2013,65.47648
Papua New Guinea,PNG,2014,65.752495
Papua New Guinea,PNG,2015,66.00102
Papua New Guinea,PNG,2016,66.19035
Papua New Guinea,PNG,2017,66.394104
Papua New Guinea,PNG,2018,66.51754
Papua New Guinea,PNG,2019,66.673775
Papua New Guinea,PNG,2020,66.2705
Papua New Guinea,PNG,2021,65.48786
Paraguay,PRY,2000,74.68297
Paraguay,PRY,2001,74.99164
Paraguay,PRY,2002,75.11314
Paraguay,PRY,2003,75.00582
Paraguay,PRY,2004,74.56424
Paraguay,PRY,2005,74.85138
Paraguay,PRY,2006,74.82172
Paraguay,PRY,2007,74.95391
Paraguay,PRY,2008,74.998886
Paraguay,PRY,2009,74.78627
Paraguay,PRY,2010,74.730736
Paraguay,PRY,2011,74.9301
Paraguay,PRY,2012,75.12047
Paraguay,PRY,2013,75.03959
Paraguay,PRY,2014,75.31469
Paraguay,PRY,2015,75.16684
Paraguay,PRY,2016,74.864204
Paraguay,PRY,2017,75.34685
Paraguay,PRY,2018,75.22367
Paraguay,PRY,2019,75.07903
Paraguay,PRY,2020,75.24817
Paraguay,PRY,2021,70.27081
Peru,PER,2000,75.12364
Peru,PER,2001,75.959045
Peru,PER,2002,76.1408
Peru,PER,2003,76.35424
Peru,PER,2004,76.99558
Peru,PER,2005,77.53672
Peru,PER,2006,78.10561
Peru,PER,2007,78.66736
Peru,PER,2008,78.86141
Peru,PER,2009,78.118324
Peru,PER,2010,78.2142
Peru,PER,2011,78.64439
Peru,PER,2012,79.02001
Peru,PER,2013,79.482605
Peru,PER,2014,80.000015
Peru,PER,2015,80.33748
Peru,PER,2016,80.164474
Peru,PER,2017,79.358475
Peru,PER,2018,78.990135
Peru,PER,2019,78.29294
Peru,PER,2020,72.7754
Peru,PER,2021,71.66727
Philippines,PHL,2000,69.974525
Philippines,PHL,2001,69.62977
Philippines,PHL,2002,69.42147
Philippines,PHL,2003,69.52482
Philippines,PHL,2004,69.290375
Philippines,PHL,2005,69.36187
Philippines,PHL,2006,69.22945
Philippines,PHL,2007,69.58191
Philippines,PHL,2008,69.54674
Philippines,PHL,2009,69.39723
Philippines,PHL,2010,69.68865
Philippines,PHL,2011,69.784485
Philippines,PHL,2012,69.54178
Philippines,PHL,2013,69.44796
Philippines,PHL,2014,69.80392
Philippines,PHL,2015,69.51616
Philippines,PHL,2016,69.24554
Philippines,PHL,2017,69.63926
Philippines,PHL,2018,69.67628
Philippines,PHL,2019,69.42943
Philippines,PHL,2020,69.640434
Philippines,PHL,2021,66.40834
Poland,POL,2000,73.69538
Poland,POL,2001,74.09873
Poland,POL,2002,74.454285
Poland,POL,2003,74.548
Poland,POL,2004,74.76713
Poland,POL,2005,74.895515
Poland,POL,2006,75.11534
Poland,POL,2007,75.17672
Poland,POL,2008,75.432434
Poland,POL,2009,75.63869
Poland,POL,2010,76.23355
Poland,POL,2011,76.56402
Poland,POL,2012,76.6333
Poland,POL,2013,76.86531
Poland,POL,2014,77.47282
Poland,POL,2015,77.27808
Poland,POL,2016,77.66853
Poland,POL,2017,77.56193
Poland,POL,2018,77.56054
Poland,POL,2019,77.72984
Poland,POL,2020,76.38788
Poland,POL,2021,75.40211
Portugal,PRT,2000,76.5882
Portugal,PRT,2001,76.92951
Portugal,PRT,2002,77.14648
Portugal,PRT,2003,77.31486
Portugal,PRT,2004,78.12094
Portugal,PRT,2005,77.99178
Portugal,PRT,2006,78.74114
Portugal,PRT,2007,78.95554
Portugal,PRT,2008,79.19527
Portugal,PRT,2009,79.40583
Portugal,PRT,2010,79.74022
Portugal,PRT,2011,80.24006
Portugal,PRT,2012,80.21024
Portugal,PRT,2013,80.527275
Portugal,PRT,2014,80.89996
Portugal,PRT,2015,80.89189
Portugal,PRT,2016,80.90466
Portugal,PRT,2017,81.146576
Portugal,PRT,2018,81.06316
Portugal,PRT,2019,81.36751
Portugal,PRT,2020,80.818375
Portugal,PRT,2021,81.17961
Puerto Rico,PRI,2000,76.24708
Puerto Rico,PRI,2001,76.24165
Puerto Rico,PRI,2002,77.12055
Puerto Rico,PRI,2003,77.39171
Puerto Rico,PRI,2004,77.47012
Puerto Rico,PRI,2005,77.60317
Puerto Rico,PRI,2006,78.05684
Puerto Rico,PRI,2007,78.306885
Puerto Rico,PRI,2008,78.51538
Puerto Rico,PRI,2009,78.42308
Puerto Rico,PRI,2010,79.0571
Puerto Rico,PRI,2011,78.60026
Puerto Rico,PRI,2012,79.34783
Puerto Rico,PRI,2013,79.379395
Puerto Rico,PRI,2014,79.89364
Puerto Rico,PRI,2015,80.51497
Puerto Rico,PRI,2016,80.23536
Puerto Rico,PRI,2017,78.42818
Puerto Rico,PRI,2018,80.718575
Puerto Rico,PRI,2019,80.502884
Puerto Rico,PRI,2020,79.934425
Puerto Rico,PRI,2021,79.90295
Qatar,QAT,2000,70.38244
Qatar,QAT,2001,70.31527
Qatar,QAT,2002,70.33187
Qatar,QAT,2003,70.55988
Qatar,QAT,2004,70.840744
Qatar,QAT,2005,71.039505
Qatar,QAT,2006,71.48491
Qatar,QAT,2007,71.89911
Qatar,QAT,2008,72.36969
Qatar,QAT,2009,72.77133
Qatar,QAT,2010,73.45657
Qatar,QAT,2011,74.27799
Qatar,QAT,2012,74.985664
Qatar,QAT,2013,75.79522
Qatar,QAT,2014,76.570114
Qatar,QAT,2015,77.791405
Qatar,QAT,2016,78.22428
Qatar,QAT,2017,78.514404
Qatar,QAT,2018,78.633286
Qatar,QAT,2019,78.89596
Qatar,QAT,2020,77.27589
Qatar,QAT,2021,76.71014
Romania,ROU,2000,71.14175
Romania,ROU,2001,71.21463
Romania,ROU,2002,70.90279
Romania,ROU,2003,71.23112
Romania,ROU,2004,71.765114
Romania,ROU,2005,72.09847
Romania,ROU,2006,72.58594
Romania,ROU,2007,73.13558
Romania,ROU,2008,73.30478
Romania,ROU,2009,73.44267
Romania,ROU,2010,73.69918
Romania,ROU,2011,74.44084
Romania,ROU,2012,74.34205
Romania,ROU,2013,75.00346
Romania,ROU,2014,74.86061
Romania,ROU,2015,74.90937
Romania,ROU,2016,75.083595
Romania,ROU,2017,75.11123
Romania,ROU,2018,75.122574
Romania,ROU,2019,75.46037
Romania,ROU,2020,74.09623
Romania,ROU,2021,72.76431
Russia,RUS,2000,65.15997
Russia,RUS,2001,65.10066
Russia,RUS,2002,64.861084
Russia,RUS,2003,64.72304
Russia,RUS,2004,65.14347
Russia,RUS,2005,65.18978
Russia,RUS,2006,66.48843
Russia,RUS,2007,67.42225
Russia,RUS,2008,67.7899
Russia,RUS,2009,68.556625
Russia,RUS,2010,68.82506
Russia,RUS,2011,69.77053
Russia,RUS,2012,70.18801
Russia,RUS,2013,70.69585
Russia,RUS,2014,70.68557
Russia,RUS,2015,71.297905
Russia,RUS,2016,71.61562
Russia,RUS,2017,72.49941
Russia,RUS,2018,72.66312
Russia,RUS,2019,73.21857
Russia,RUS,2020,71.37748
Russia,RUS,2021,70.017334
Rwanda,RWA,2000,46.894474
Rwanda,RWA,2001,48.332714
Rwanda,RWA,2002,50.609604
Rwanda,RWA,2003,52.47568
Rwanda,RWA,2004,54.655777
Rwanda,RWA,2005,57.02758
Rwanda,RWA,2006,59.15292
Rwanda,RWA,2007,60.825264
Rwanda,RWA,2008,62.137486
Rwanda,RWA,2009,62.968735
Rwanda,RWA,2010,64.20019
Rwanda,RWA,2011,65.04603
Rwanda,RWA,2012,65.68583
Rwanda,RWA,2013,66.28115
Rwanda,RWA,2014,66.67116
Rwanda,RWA,2015,66.96378
Rwanda,RWA,2016,67.176384
Rwanda,RWA,2017,67.42986
Rwanda,RWA,2018,67.62645
Rwanda,RWA,2019,67.75563
Rwanda,RWA,2020,68.26351
Rwanda,RWA,2021,67.54214
Saint Lucia,LCA,2000,73.21927
Saint Lucia,LCA,2001,73.33798
Saint Lucia,LCA,2002,73.50932
Saint Lucia,LCA,2003,73.776146
Saint Lucia,LCA,2004,73.99518
Saint Lucia,LCA,2005,74.35094
Saint Lucia,LCA,2006,74.711266
Saint Lucia,LCA,2007,75.22232
Saint Lucia,LCA,2008,75.533966
Saint Lucia,LCA,2009,75.83776
Saint Lucia,LCA,2010,76.00781
Saint Lucia,LCA,2011,76.24846
Saint Lucia,LCA,2012,76.3987
Saint Lucia,LCA,2013,76.184555
Saint Lucia,LCA,2014,76.28412
Saint Lucia,LCA,2015,76.39243
Saint Lucia,LCA,2016,76.20059
Saint Lucia,LCA,2017,76.13889
Saint Lucia,LCA,2018,76.112724
Saint Lucia,LCA,2019,76.116135
Saint Lucia,LCA,2020,75.63349
Saint Lucia,LCA,2021,71.113045
Saint Vincent and the Grenadines,VCT,2000,71.66187
Saint Vincent and the Grenadines,VCT,2001,71.90344
Saint Vincent and the Grenadines,VCT,2002,72.0107
Saint Vincent and the Grenadines,VCT,2003,72.24269
Saint Vincent and the Grenadines,VCT,2004,72.36668
Saint Vincent and the Grenadines,VCT,2005,72.55957
Saint Vincent and the Grenadines,VCT,2006,72.92616
Saint Vincent and the Grenadines,VCT,2007,73.252975
Saint Vincent and the Grenadines,VCT,2008,73.51667
Saint Vincent and the Grenadines,VCT,2009,73.56239
Saint Vincent and the Grenadines,VCT,2010,73.48342
Saint Vincent and the Grenadines,VCT,2011,73.21012
Saint Vincent and the Grenadines,VCT,2012,72.98729
Saint Vincent and the Grenadines,VCT,2013,72.604836
Saint Vincent and the Grenadines,VCT,2014,72.73601
Saint Vincent and the Grenadines,VCT,2015,72.79474
Saint Vincent and the Grenadines,VCT,2016,72.98154
Saint Vincent and the Grenadines,VCT,2017,73.091255
Saint Vincent and the Grenadines,VCT,2018,73.179
Saint Vincent and the Grenadines,VCT,2019,73.107956
Saint Vincent and the Grenadines,VCT,2020,72.74743
Saint Vincent and the Grenadines,VCT,2021,72.55709
Samoa,WSM,2000,69.604836
Samoa,WSM,2001,69.77577
Samoa,WSM,2002,69.93319
Samoa,WSM,2003,70.05898
Samoa,WSM,2004,70.17538
Samoa,WSM,2005,70.24626
Samoa,WSM,2006,70.4322
Samoa,WSM,2007,70.47089
Samoa,WSM,2008,70.482834
Samoa,WSM,2009,68.73126
Samoa,WSM,2010,70.48867
Samoa,WSM,2011,70.50058
Samoa,WSM,2012,70.27479
Samoa,WSM,2013,70.2404
Samoa,WSM,2014,70.13172
Samoa,WSM,2015,70.01944
Samoa,WSM,2016,69.92084
Samoa,WSM,2017,69.98522
Samoa,WSM,2018,70.0927
Samoa,WSM,2019,69.99171
Samoa,WSM,2020,70.194626
Samoa,WSM,2021,70.27372
Sao Tome and Principe,STP,2000,63.128674
Sao Tome and Principe,STP,2001,63.93325
Sao Tome and Principe,STP,2002,64.65366
Sao Tome and Principe,STP,2003,65.23041
Sao Tome and Principe,STP,2004,65.71008
Sao Tome and Principe,STP,2005,66.272835
Sao Tome and Principe,STP,2006,66.78476
Sao Tome and Principe,STP,2007,67.22799
Sao Tome and Principe,STP,2008,67.68828
Sao Tome and Principe,STP,2009,68.398026
Sao Tome and Principe,STP,2010,68.817696
Sao Tome and Principe,STP,2011,69.19904
Sao Tome and Principe,STP,2012,69.53767
Sao Tome and Principe,STP,2013,69.948364
Sao Tome and Principe,STP,2014,70.26367
Sao Tome and Principe,STP,2015,70.55687
Sao Tome and Principe,STP,2016,70.896996
Sao Tome and Principe,STP,2017,71.25616
Sao Tome and Principe,STP,2018,71.4404
Sao Tome and Principe,STP,2019,71.655685
Sao Tome and Principe,STP,2020,71.25244
Sao Tome and Principe,STP,2021,71.17811
Saudi Arabia,SAU,2000,70.566345
Saudi Arabia,SAU,2001,70.80308
Saudi Arabia,SAU,2002,71.07577
Saudi Arabia,SAU,2003,71.306625
Saudi Arabia,SAU,2004,71.6044
Saudi Arabia,SAU,2005,71.816345
Saudi Arabia,SAU,2006,72.036285
Saudi Arabia,SAU,2007,72.35474
Saudi Arabia,SAU,2008,72.99777
Saudi Arabia,SAU,2009,73.90009
Saudi Arabia,SAU,2010,74.89591
Saudi Arabia,SAU,2011,76.131645
Saudi Arabia,SAU,2012,77.02521
Saudi Arabia,SAU,2013,77.33139
Saudi Arabia,SAU,2014,77.22324
Saudi Arabia,SAU,2015,76.8889
Saudi Arabia,SAU,2016,76.751144
Saudi Arabia,SAU,2017,76.742935
Saudi Arabia,SAU,2018,76.81092
Saudi Arabia,SAU,2019,76.93147
Saudi Arabia,SAU,2020,76.05845
Saudi Arabia,SAU,2021,76.429214
Senegal,SEN,2000,58.60971
Senegal,SEN,2001,59.289894
Senegal,SEN,2002,59.795803
Senegal,SEN,2003,60.790936
Senegal,SEN,2004,61.572025
Senegal,SEN,2005,62.36297
Senegal,SEN,2006,63.067753
Senegal,SEN,2007,63.89029
Senegal,SEN,2008,64.57898
Senegal,SEN,2009,65.116165
Senegal,SEN,2010,65.56526
Senegal,SEN,2011,65.972244
Senegal,SEN,2012,66.29423
Senegal,SEN,2013,66.58591
Senegal,SEN,2014,66.97585
Senegal,SEN,2015,67.36242
Senegal,SEN,2016,67.76584
Senegal,SEN,2017,68.11975
Senegal,SEN,2018,68.44237
Senegal,SEN,2019,68.76445
Senegal,SEN,2020,68.56112
Senegal,SEN,2021,67.791985
Serbia,SRB,2000,71.49722
Serbia,SRB,2001,72.28188
Serbia,SRB,2002,72.316605
Serbia,SRB,2003,72.447914
Serbia,SRB,2004,72.6535
Serbia,SRB,2005,72.78383
Serbia,SRB,2006,73.38119
Serbia,SRB,2007,73.577
Serbia,SRB,2008,73.82989
Serbia,SRB,2009,73.973564
Serbia,SRB,2010,74.27311
Serbia,SRB,2011,74.54863
Serbia,SRB,2012,74.84164
Serbia,SRB,2013,75.228966
Serbia,SRB,2014,75.32135
Serbia,SRB,2015,75.279465
Serbia,SRB,2016,75.67951
Serbia,SRB,2017,75.57063
Serbia,SRB,2018,75.883545
Serbia,SRB,2019,75.91666
Serbia,SRB,2020,74.43297
Serbia,SRB,2021,72.808914
Seychelles,SYC,2000,72.10531
Seychelles,SYC,2001,72.2276
Seychelles,SYC,2002,72.11976
Seychelles,SYC,2003,72.02647
Seychelles,SYC,2004,72.2151
Seychelles,SYC,2005,72.35776
Seychelles,SYC,2006,72.357605
Seychelles,SYC,2007,72.47348
Seychelles,SYC,2008,72.66236
Seychelles,SYC,2009,72.84593
Seychelles,SYC,2010,73.11877
Seychelles,SYC,2011,73.29953
Seychelles,SYC,2012,73.25421
Seychelles,SYC,2013,73.2885
Seychelles,SYC,2014,73.238144
Seychelles,SYC,2015,73.16237
Seychelles,SYC,2016,73.07492
Seychelles,SYC,2017,73.093666
Seychelles,SYC,2018,73.0809
Seychelles,SYC,2019,73.12376
Seychelles,SYC,2020,77.26435
Seychelles,SYC,2021,74.01196
Sierra Leone,SLE,2000,49.78649
Sierra Leone,SLE,2001,50.945812
Sierra Leone,SLE,2002,51.281147
Sierra Leone,SLE,2003,51.517906
Sierra Leone,SLE,2004,51.795982
Sierra Leone,SLE,2005,52.109024
Sierra Leone,SLE,2006,52.491104
Sierra Leone,SLE,2007,52.875977
Sierra Leone,SLE,2008,53.553593
Sierra Leone,SLE,2009,54.190292
Sierra Leone,SLE,2010,54.97107
Sierra Leone,SLE,2011,55.664295
Sierra Leone,SLE,2012,56.367344
Sierra Leone,SLE,2013,57.054325
Sierra Leone,SLE,2014,55.83771
Sierra Leone,SLE,2015,56.886734
Sierra Leone,SLE,2016,58.75069
Sierra Leone,SLE,2017,59.158123
Sierra Leone,SLE,2018,59.86621
Sierra Leone,SLE,2019,60.40224
Sierra Leone,SLE,2020,60.520603
Sierra Leone,SLE,2021,61.022865
Singapore,SGP,2000,78.52089
Singapore,SGP,2001,79.142044
Singapore,SGP,2002,79.33785
Singapore,SGP,2003,79.611176
Singapore,SGP,2004,80.33727
Singapore,SGP,2005,80.54232
Singapore,SGP,2006,80.98074
Singapore,SGP,2007,80.581245
Singapore,SGP,2008,80.97823
Singapore,SGP,2009,81.582756
Singapore,SGP,2010,81.761635
Singapore,SGP,2011,81.960304
Singapore,SGP,2012,82.21523
Singapore,SGP,2013,82.36588
Singapore,SGP,2014,82.60496
Singapore,SGP,2015,82.84921
Singapore,SGP,2016,83.24199
Singapore,SGP,2017,83.22151
Singapore,SGP,2018,83.50812
Singapore,SGP,2019,83.898476
Singapore,SGP,2020,83.99654
Singapore,SGP,2021,83.857086
Slovakia,SVK,2000,73.322876
Slovakia,SVK,2001,73.45131
Slovakia,SVK,2002,73.72314
Slovakia,SVK,2003,73.780426
Slovakia,SVK,2004,74.14712
Slovakia,SVK,2005,74.097755
Slovakia,SVK,2006,74.364456
Slovakia,SVK,2007,74.47033
Slovakia,SVK,2008,74.82526
Slovakia,SVK,2009,75.21657
Slovakia,SVK,2010,75.44924
Slovakia,SVK,2011,75.93326
Slovakia,SVK,2012,76.13275
Slovakia,SVK,2013,76.47557
Slovakia,SVK,2014,76.83437
Slovakia,SVK,2015,76.59625
Slovakia,SVK,2016,77.150764
Slovakia,SVK,2017,77.09456
Slovakia,SVK,2018,77.196465
Slovakia,SVK,2019,77.61262
Slovakia,SVK,2020,76.86888
Slovakia,SVK,2021,74.509415
Slovenia,SVN,2000,76.054405
Slovenia,SVN,2001,76.22394
Slovenia,SVN,2002,76.5039
Slovenia,SVN,2003,76.343956
Slovenia,SVN,2004,77.10893
Slovenia,SVN,2005,77.44125
Slovenia,SVN,2006,78.040146
Slovenia,SVN,2007,78.21314
Slovenia,SVN,2008,78.899574
Slovenia,SVN,2009,79.050865
Slovenia,SVN,2010,79.54578
Slovenia,SVN,2011,79.8496
Slovenia,SVN,2012,79.891075
Slovenia,SVN,2013,80.136795
Slovenia,SVN,2014,80.78509
Slovenia,SVN,2015,80.46319
Slovenia,SVN,2016,80.816925
Slovenia,SVN,2017,80.789894
Slovenia,SVN,2018,80.95874
Slovenia,SVN,2019,81.28503
Slovenia,SVN,2020,80.33577
Slovenia,SVN,2021,80.414955
Solomon Islands,SLB,2000,63.3976
Solomon Islands,SLB,2001,63.453735
Solomon Islands,SLB,2002,63.471775
Solomon Islands,SLB,2003,63.54308
Solomon Islands,SLB,2004,63.614185
Solomon Islands,SLB,2005,63.69668
Solomon Islands,SLB,2006,63.792446
Solomon Islands,SLB,2007,63.76838
Solomon Islands,SLB,2008,64.05632
Solomon Islands,SLB,2009,64.16468
Solomon Islands,SLB,2010,64.36845
Solomon Islands,SLB,2011,64.51306
Solomon Islands,SLB,2012,64.70197
Solomon Islands,SLB,2013,64.8456
Solomon Islands,SLB,2014,64.95592
Solomon Islands,SLB,2015,65.151665
Solomon Islands,SLB,2016,65.294624
Solomon Islands,SLB,2017,65.410614
Solomon Islands,SLB,2018,65.55014
Solomon Islands,SLB,2019,65.672905
Solomon Islands,SLB,2020,65.39475
Solomon Islands,SLB,2021,64.79246
Somalia,SOM,2000,49.282032
Somalia,SOM,2001,49.32649
Somalia,SOM,2002,49.396763
Somalia,SOM,2003,49.5004
Somalia,SOM,2004,49.445675
Somalia,SOM,2005,49.792336
Somalia,SOM,2006,49.82524
Somalia,SOM,2007,49.97697
Somalia,SOM,2008,50.311283
Somalia,SOM,2009,50.669796
Somalia,SOM,2010,49.526207
Somalia,SOM,2011,43.811634
Somalia,SOM,2012,50.107975
Somalia,SOM,2013,52.50392
Somalia,SOM,2014,53.08816
Somalia,SOM,2015,53.543385
Somalia,SOM,2016,53.944607
Somalia,SOM,2017,54.18246
Somalia,SOM,2018,54.67263
Somalia,SOM,2019,55.213974
Somalia,SOM,2020,55.129257
Somalia,SOM,2021,53.95144
South Africa,ZAF,2000,57.11948
South Africa,ZAF,2001,55.867146
South Africa,ZAF,2002,54.319878
South Africa,ZAF,2003,52.933945
South Africa,ZAF,2004,52.246502
South Africa,ZAF,2005,52.03157
South Africa,ZAF,2006,52.107975
South Africa,ZAF,2007,52.909588
South Africa,ZAF,2008,53.912537
South Africa,ZAF,2009,55.269764
South Africa,ZAF,2010,57.096832
South Africa,ZAF,2011,59.10035
South Africa,ZAF,2012,60.81522
South Africa,ZAF,2013,62.084984
South Africa,ZAF,2014,62.783127
South Africa,ZAF,2015,63.262676
South Africa,ZAF,2016,63.877487
South Africa,ZAF,2017,64.74837
South Africa,ZAF,2018,65.31532
South Africa,ZAF,2019,65.83739
South Africa,ZAF,2020,64.303566
South Africa,ZAF,2021,61.499187
South Korea,KOR,2000,75.85982
South Korea,KOR,2001,76.56908
South Korea,KOR,2002,76.94318
South Korea,KOR,2003,77.44357
South Korea,KOR,2004,77.92815
South Korea,KOR,2005,78.37092
South Korea,KOR,2006,78.96689
South Korea,KOR,2007,79.37955
South Korea,KOR,2008,79.90918
South Korea,KOR,2009,80.362785
South Korea,KOR,2010,80.53713
South Korea,KOR,2011,80.95337
South Korea,KOR,2012,81.132195
South Korea,KOR,2013,81.686165
South Korea,KOR,2014,82.159996
South Korea,KOR,2015,82.40187
South Korea,KOR,2016,82.73176
South Korea,KOR,2017,83.09218
South Korea,KOR,2018,83.15048
South Korea,KOR,2019,83.68842
South Korea,KOR,2020,83.797264
South Korea,KOR,2021,83.79982
South Sudan,SSD,2000,51.900467
South Sudan,SSD,2001,52.941666
South Sudan,SSD,2002,53.719288
South Sudan,SSD,2003,54.403183
South Sudan,SSD,2004,55.24392
South Sudan,SSD,2005,55.89935
South Sudan,SSD,2006,56.35281
South Sudan,SSD,2007,57.035297
South Sudan,SSD,2008,57.678707
South Sudan,SSD,2009,57.82228
South Sudan,SSD,2010,58.751526
South Sudan,SSD,2011,58.954067
South Sudan,SSD,2012,59.310574
South Sudan,SSD,2013,59.034004
South Sudan,SSD,2014,59.09265
South Sudan,SSD,2015,59.276375
South Sudan,SSD,2016,59.18616
South Sudan,SSD,2017,58.882843
South Sudan,SSD,2018,58.861294
South Sudan,SSD,2019,58.996635
South Sudan,SSD,2020,58.945183
South Sudan,SSD,2021,58.57354
South-East Asia (WHO),WHO_SEAR,2000,64.068634
South-East Asia (WHO),WHO_SEAR,2001,64.52874
South-East Asia (WHO),WHO_SEAR,2002,64.96528
South-East Asia (WHO),WHO_SEAR,2003,65.44285
South-East Asia (WHO),WHO_SEAR,2004,65.59142
South-East Asia (WHO),WHO_SEAR,2005,66.31184
South-East Asia (WHO),WHO_SEAR,2006,66.65395
South-East Asia (WHO),WHO_SEAR,2007,66.9253
South-East Asia (WHO),WHO_SEAR,2008,67.06696
South-East Asia (WHO),WHO_SEAR,2009,67.80765
South-East Asia (WHO),WHO_SEAR,2010,68.219925
South-East Asia (WHO),WHO_SEAR,2011,68.63475
South-East Asia (WHO),WHO_SEAR,2012,69.06375
South-East Asia (WHO),WHO_SEAR,2013,69.37294
South-East Asia (WHO),WHO_SEAR,2014,69.73315
South-East Asia (WHO),WHO_SEAR,2015,70.142975
South-East Asia (WHO),WHO_SEAR,2016,70.51675
South-East Asia (WHO),WHO_SEAR,2017,70.77278
South-East Asia (WHO),WHO_SEAR,2018,71.05176
South-East Asia (WHO),WHO_SEAR,2019,71.37191
South-East Asia (WHO),WHO_SEAR,2020,70.720116
South-East Asia (WHO),WHO_SEAR,2021,68.36683
Spain,ESP,2000,79.09037
Spain,ESP,2001,79.39484
Spain,ESP,2002,79.48845
Spain,ESP,2003,79.41351
Spain,ESP,2004,79.99552
Spain,ESP,2005,80.00982
Spain,ESP,2006,80.67223
Spain,ESP,2007,80.67591
Spain,ESP,2008,80.97342
Spain,ESP,2009,81.32919
Spain,ESP,2010,81.693054
Spain,ESP,2011,81.81257
Spain,ESP,2012,81.95953
Spain,ESP,2013,82.47881
Spain,ESP,2014,82.584465
Spain,ESP,2015,82.32941
Spain,ESP,2016,82.730705
Spain,ESP,2017,82.6758
Spain,ESP,2018,82.76766
Spain,ESP,2019,83.13562
Spain,ESP,2020,81.92499
Spain,ESP,2021,82.662674
Sri Lanka,LKA,2000,71.5113
Sri Lanka,LKA,2001,72.65352
Sri Lanka,LKA,2002,73.33813
Sri Lanka,LKA,2003,73.368034
Sri Lanka,LKA,2004,69.119415
Sri Lanka,LKA,2005,73.484764
Sri Lanka,LKA,2006,73.35814
Sri Lanka,LKA,2007,73.8164
Sri Lanka,LKA,2008,73.13786
Sri Lanka,LKA,2009,72.41935
Sri Lanka,LKA,2010,74.13618
Sri Lanka,LKA,2011,74.958374
Sri Lanka,LKA,2012,75.633064
Sri Lanka,LKA,2013,75.82006
Sri Lanka,LKA,2014,76.176125
Sri Lanka,LKA,2015,76.44591
Sri Lanka,LKA,2016,76.766594
Sri Lanka,LKA,2017,76.911964
Sri Lanka,LKA,2018,77.17579
Sri Lanka,LKA,2019,77.450836
Sri Lanka,LKA,2020,80.65622
Sri Lanka,LKA,2021,77.22896
Sudan,SDN,2000,62.488983
Sudan,SDN,2001,62.97871
Sudan,SDN,2002,63.224438
Sudan,SDN,2003,63.677376
Sudan,SDN,2004,63.681587
Sudan,SDN,2005,64.87411
Sudan,SDN,2006,65.28684
Sudan,SDN,2007,65.760155
Sudan,SDN,2008,66.10815
Sudan,SDN,2009,66.44393
Sudan,SDN,2010,66.9449
Sudan,SDN,2011,67.06889
Sudan,SDN,2012,67.58269
Sudan,SDN,2013,67.759
Sudan,SDN,2014,68.08986
Sudan,SDN,2015,68.327065
Sudan,SDN,2016,68.65127
Sudan,SDN,2017,69.04016
Sudan,SDN,2018,69.24814
Sudan,SDN,2019,69.465065
Sudan,SDN,2020,68.44077
Sudan,SDN,2021,67.58515
Suriname,SUR,2000,70.55905
Suriname,SUR,2001,70.47457
Suriname,SUR,2002,70.41648
Suriname,SUR,2003,70.502525
Suriname,SUR,2004,70.80111
Suriname,SUR,2005,71.2304
Suriname,SUR,2006,71.69262
Suriname,SUR,2007,72.06527
Suriname,SUR,2008,72.20581
Suriname,SUR,2009,72.61759
Suriname,SUR,2010,72.79507
Suriname,SUR,2011,73.11588
Suriname,SUR,2012,73.34639
Suriname,SUR,2013,73.14787
Suriname,SUR,2014,73.05386
Suriname,SUR,2015,72.97884
Suriname,SUR,2016,73.0926
Suriname,SUR,2017,73.209274
Suriname,SUR,2018,73.08582
Suriname,SUR,2019,73.02286
Suriname,SUR,2020,72.80158
Suriname,SUR,2021,69.78413
Sweden,SWE,2000,79.57419
Sweden,SWE,2001,79.66921
Sweden,SWE,2002,79.7565
Sweden,SWE,2003,80.00644
Sweden,SWE,2004,80.35214
Sweden,SWE,2005,80.42437
Sweden,SWE,2006,80.631134
Sweden,SWE,2007,80.773
Sweden,SWE,2008,80.92802
Sweden,SWE,2009,81.14819
Sweden,SWE,2010,81.30466
Sweden,SWE,2011,81.52274
Sweden,SWE,2012,81.46625
Sweden,SWE,2013,81.640755
Sweden,SWE,2014,81.9275
Sweden,SWE,2015,81.74239
Sweden,SWE,2016,82.00944
Sweden,SWE,2017,82.084595
Sweden,SWE,2018,82.20164
Sweden,SWE,2019,82.71415
Sweden,SWE,2020,82.08201
Sweden,SWE,2021,82.66491
Switzerland,CHE,2000,79.7147
Switzerland,CHE,2001,80.10039
Switzerland,CHE,2002,80.410255
Switzerland,CHE,2003,80.404396
Switzerland,CHE,2004,80.941734
Switzerland,CHE,2005,81.11494
Switzerland,CHE,2006,81.4148
Switzerland,CHE,2007,81.59798
Switzerland,CHE,2008,81.861946
Switzerland,CHE,2009,81.890434
Switzerland,CHE,2010,82.19541
Switzerland,CHE,2011,82.36856
Switzerland,CHE,2012,82.39225
Switzerland,CHE,2013,82.47547
Switzerland,CHE,2014,82.8492
Switzerland,CHE,2015,82.58994
Switzerland,CHE,2016,83.1711
Switzerland,CHE,2017,83.13986
Switzerland,CHE,2018,83.289635
Switzerland,CHE,2019,83.479576
Switzerland,CHE,2020,82.73602
Switzerland,CHE,2021,83.32796
Syria,SYR,2000,71.08679
Syria,SYR,2001,71.764915
Syria,SYR,2002,72.00815
Syria,SYR,2003,72.65734
Syria,SYR,2004,72.88239
Syria,SYR,2005,73.23262
Syria,SYR,2006,73.379555
Syria,SYR,2007,73.62413
Syria,SYR,2008,73.54816
Syria,SYR,2009,73.73836
Syria,SYR,2010,73.7618
Syria,SYR,2011,71.88413
Syria,SYR,2012,64.999596
Syria,SYR,2013,64.68589
Syria,SYR,2014,60.24065
Syria,SYR,2015,60.00566
Syria,SYR,2016,60.124844
Syria,SYR,2017,59.236267
Syria,SYR,2018,64.30375
Syria,SYR,2019,69.17464
Syria,SYR,2020,71.99814
Syria,SYR,2021,72.438034
Tajikistan,TJK,2000,65.64696
Tajikistan,TJK,2001,66.35716
Tajikistan,TJK,2002,66.94491
Tajikistan,TJK,2003,67.570885
Tajikistan,TJK,2004,67.99767
Tajikistan,TJK,2005,68.16382
Tajikistan,TJK,2006,68.48925
Tajikistan,TJK,2007,68.67357
Tajikistan,TJK,2008,69.03683
Tajikistan,TJK,2009,69.345314
Tajikistan,TJK,2010,69.92201
Tajikistan,TJK,2011,70.42452
Tajikistan,TJK,2012,70.97199
Tajikistan,TJK,2013,71.759094
Tajikistan,TJK,2014,72.0206
Tajikistan,TJK,2015,72.37216
Tajikistan,TJK,2016,72.72427
Tajikistan,TJK,2017,73.189156
Tajikistan,TJK,2018,73.495995
Tajikistan,TJK,2019,73.80997
Tajikistan,TJK,2020,70.55596
Tajikistan,TJK,2021,71.81488
Tanzania,TZA,2000,52.792274
Tanzania,TZA,2001,53.52029
Tanzania,TZA,2002,54.248295
Tanzania,TZA,2003,54.98804
Tanzania,TZA,2004,55.69112
Tanzania,TZA,2005,56.552032
Tanzania,TZA,2006,57.818127
Tanzania,TZA,2007,59.37881
Tanzania,TZA,2008,60.437305
Tanzania,TZA,2009,61.037876
Tanzania,TZA,2010,61.681946
Tanzania,TZA,2011,62.263702
Tanzania,TZA,2012,63.078213
Tanzania,TZA,2013,64.03255
Tanzania,TZA,2014,64.692696
Tanzania,TZA,2015,65.157196
Tanzania,TZA,2016,65.603424
Tanzania,TZA,2017,65.98184
Tanzania,TZA,2018,66.39626
Tanzania,TZA,2019,66.786316
Tanzania,TZA,2020,67.402756
Tanzania,TZA,2021,66.81015
Thailand,THA,2000,71.01192
Thailand,THA,2001,71.72869
Thailand,THA,2002,71.71439
Thailand,THA,2003,72.03976
Thailand,THA,2004,72.04096
Thailand,THA,2005,72.8358
Thailand,THA,2006,73.40943
Thailand,THA,2007,73.93719
Thailand,THA,2008,74.46372
Thailand,THA,2009,75.052444
Thailand,THA,2010,75.291275
Thailand,THA,2011,75.718796
Thailand,THA,2012,76.18036
Thailand,THA,2013,76.54383
Thailand,THA,2014,76.75676
Thailand,THA,2015,76.97043
Thailand,THA,2016,76.99767
Thailand,THA,2017,77.22945
Thailand,THA,2018,77.14916
Thailand,THA,2019,76.92495
Thailand,THA,2020,76.50525
Thailand,THA,2021,75.290146
Togo,TGO,2000,56.078247
Togo,TGO,2001,56.112186
Togo,TGO,2002,56.215443
Togo,TGO,2003,56.35238
Togo,TGO,2004,56.748085
Togo,TGO,2005,56.9587
Togo,TGO,2006,57.514446
Togo,TGO,2007,57.691204
Togo,TGO,2008,57.96843
Togo,TGO,2009,58.508785
Togo,TGO,2010,59.157238
Togo,TGO,2011,59.794586
Togo,TGO,2012,60.30947
Togo,TGO,2013,60.712303
Togo,TGO,2014,61.089813
Togo,TGO,2015,61.52165
Togo,TGO,2016,62.010532
Togo,TGO,2017,62.55311
Togo,TGO,2018,63.07923
Togo,TGO,2019,63.64852
Togo,TGO,2020,63.849144
Togo,TGO,2021,63.864613
Tonga,TON,2000,70.953995
Tonga,TON,2001,71.21713
Tonga,TON,2002,71.251564
Tonga,TON,2003,71.25831
Tonga,TON,2004,71.44336
Tonga,TON,2005,71.97193
Tonga,TON,2006,72.01751
Tonga,TON,2007,72.00902
Tonga,TON,2008,72.00246
Tonga,TON,2009,70.18279
Tonga,TON,2010,72.11458
Tonga,TON,2011,72.1806
Tonga,TON,2012,72.24495
Tonga,TON,2013,72.30723
Tonga,TON,2014,72.38182
Tonga,TON,2015,72.46353
Tonga,TON,2016,72.560326
Tonga,TON,2017,72.71572
Tonga,TON,2018,72.84423
Tonga,TON,2019,72.94212
Tonga,TON,2020,73.18678
Tonga,TON,2021,72.72088
Trinidad and Tobago,TTO,2000,70.41994
Trinidad and Tobago,TTO,2001,70.55568
Trinidad and Tobago,TTO,2002,71.08784
Trinidad and Tobago,TTO,2003,70.96474
Trinidad and Tobago,TTO,2004,71.348564
Trinidad and Tobago,TTO,2005,71.675446
Trinidad and Tobago,TTO,2006,72.209045
Trinidad and Tobago,TTO,2007,72.39473
Trinidad and Tobago,TTO,2008,72.03571
Trinidad and Tobago,TTO,2009,72.841034
Trinidad and Tobago,TTO,2010,73.3234
Trinidad and Tobago,TTO,2011,74.014595
Trinidad and Tobago,TTO,2012,74.64546
Trinidad and Tobago,TTO,2013,74.317314
Trinidad and Tobago,TTO,2014,74.31627
Trinidad and Tobago,TTO,2015,74.354126
Trinidad and Tobago,TTO,2016,73.83468
Trinidad and Tobago,TTO,2017,74.0052
Trinidad and Tobago,TTO,2018,73.995056
Trinidad and Tobago,TTO,2019,74.09328
Trinidad and Tobago,TTO,2020,73.635994
Trinidad and Tobago,TTO,2021,71.70712
Tunisia,TUN,2000,74.30099
Tunisia,TUN,2001,74.55599
Tunisia,TUN,2002,74.75756
Tunisia,TUN,2003,74.95128
Tunisia,TUN,2004,75.17295
Tunisia,TUN,2005,75.37276
Tunisia,TUN,2006,75.57522
Tunisia,TUN,2007,75.74954
Tunisia,TUN,2008,75.92697
Tunisia,TUN,2009,76.076164
Tunisia,TUN,2010,76.215004
Tunisia,TUN,2011,76.36111
Tunisia,TUN,2012,76.525154
Tunisia,TUN,2013,76.61373
Tunisia,TUN,2014,76.69748
Tunisia,TUN,2015,76.78627
Tunisia,TUN,2016,76.91365
Tunisia,TUN,2017,77.031456
Tunisia,TUN,2018,77.23196
Tunisia,TUN,2019,77.50538
Tunisia,TUN,2020,77.12175
Tunisia,TUN,2021,74.06843
Turkey,TUR,2000,73.314995
Turkey,TUR,2001,74.03517
Turkey,TUR,2002,74.77352
Turkey,TUR,2003,75.30413
Turkey,TUR,2004,75.833595
Turkey,TUR,2005,76.196365
Turkey,TUR,2006,76.538414
Turkey,TUR,2007,76.70655
Turkey,TUR,2008,76.65466
Turkey,TUR,2009,76.34599
Turkey,TUR,2010,76.506996
Turkey,TUR,2011,76.69523
Turkey,TUR,2012,76.83621
Turkey,TUR,2013,76.834175
Turkey,TUR,2014,76.74877
Turkey,TUR,2015,76.68526
Turkey,TUR,2016,76.66589
Turkey,TUR,2017,77.07085
Turkey,TUR,2018,77.55827
Turkey,TUR,2019,77.61966
Turkey,TUR,2020,76.175255
Turkey,TUR,2021,75.27239
Turkmenistan,TKM,2000,65.569176
Turkmenistan,TKM,2001,65.94847
Turkmenistan,TKM,2002,65.87608
Turkmenistan,TKM,2003,65.88788
Turkmenistan,TKM,2004,65.615456
Turkmenistan,TKM,2005,65.28551
Turkmenistan,TKM,2006,65.67349
Turkmenistan,TKM,2007,66.170715
Turkmenistan,TKM,2008,66.98537
Turkmenistan,TKM,2009,68.42683
Turkmenistan,TKM,2010,69.12241
Turkmenistan,TKM,2011,69.23413
Turkmenistan,TKM,2012,69.31304
Turkmenistan,TKM,2013,69.11794
Turkmenistan,TKM,2014,68.9165
Turkmenistan,TKM,2015,68.83223
Turkmenistan,TKM,2016,68.964066
Turkmenistan,TKM,2017,68.97744
Turkmenistan,TKM,2018,69.07787
Turkmenistan,TKM,2019,69.14191
Turkmenistan,TKM,2020,68.47367
Turkmenistan,TKM,2021,69.12049
Uganda,UGA,2000,48.89004
Uganda,UGA,2001,49.783886
Uganda,UGA,2002,50.65047
Uganda,UGA,2003,51.68239
Uganda,UGA,2004,53.13419
Uganda,UGA,2005,54.81013
Uganda,UGA,2006,55.992165
Uganda,UGA,2007,56.8305
Uganda,UGA,2008,57.973103
Uganda,UGA,2009,59.058144
Uganda,UGA,2010,59.960205
Uganda,UGA,2011,60.870125
Uganda,UGA,2012,61.800907
Uganda,UGA,2013,62.7178
Uganda,UGA,2014,63.49406
Uganda,UGA,2015,64.21558
Uganda,UGA,2016,64.674774
Uganda,UGA,2017,65.21734
Uganda,UGA,2018,65.71889
Uganda,UGA,2019,66.08784
Uganda,UGA,2020,66.29851
Uganda,UGA,2021,65.98578
Ukraine,UKR,2000,67.554596
Ukraine,UKR,2001,67.71156
Ukraine,UKR,2002,67.49385
Ukraine,UKR,2003,67.52472
Ukraine,UKR,2004,67.43011
Ukraine,UKR,2005,67.10598
Ukraine,UKR,2006,67.78455
Ukraine,UKR,2007,67.59156
Ukraine,UKR,2008,67.90575
Ukraine,UKR,2009,69.49301
Ukraine,UKR,2010,70.14905
Ukraine,UKR,2011,70.933174
Ukraine,UKR,2012,71.094376
Ukraine,UKR,2013,71.55331
Ukraine,UKR,2014,70.890724
Ukraine,UKR,2015,72.14895
Ukraine,UKR,2016,72.62864
Ukraine,UKR,2017,73.00099
Ukraine,UKR,2018,72.71826
Ukraine,UKR,2019,73.00449
Ukraine,UKR,2020,72.49786
Ukraine,UKR,2021,70.906746
United Arab Emirates,ARE,2000,78.118385
United Arab Emirates,ARE,2001,78.27568
United Arab Emirates,ARE,2002,78.35124
United Arab Emirates,ARE,2003,78.56042
United Arab Emirates,ARE,2004,78.889496
United Arab Emirates,ARE,2005,79.38497
United Arab Emirates,ARE,2006,80.090965
United Arab Emirates,ARE,2007,80.595215
United Arab Emirates,ARE,2008,80.799324
United Arab Emirates,ARE,2009,80.736595
United Arab Emirates,ARE,2010,80.453445
United Arab Emirates,ARE,2011,80.25767
United Arab Emirates,ARE,2012,80.30618
United Arab Emirates,ARE,2013,80.563934
United Arab Emirates,ARE,2014,80.647545
United Arab Emirates,ARE,2015,80.71357
United Arab Emirates,ARE,2016,80.783485
United Arab Emirates,ARE,2017,80.92702
United Arab Emirates,ARE,2018,81.1664
United Arab Emirates,ARE,2019,81.410965
United Arab Emirates,ARE,2020,80.13127
United Arab Emirates,ARE,2021,78.30646
United Kingdom,GBR,2000,77.8584
United Kingdom,GBR,2001,77.95184
United Kingdom,GBR,2002,78.07797
United Kingdom,GBR,2003,78.14796
United Kingdom,GBR,2004,78.676346
United Kingdom,GBR,2005,78.91215
United Kingdom,GBR,2006,79.22561
United Kingdom,GBR,2007,79.41526
United Kingdom,GBR,2008,79.537
United Kingdom,GBR,2009,80.03184
United Kingdom,GBR,2010,80.25257
United Kingdom,GBR,2011,80.641396
United Kingdom,GBR,2012,80.641075
United Kingdom,GBR,2013,80.685715
United Kingdom,GBR,2014,80.93676
United Kingdom,GBR,2015,80.65864
United Kingdom,GBR,2016,80.81034
United Kingdom,GBR,2017,80.92411
United Kingdom,GBR,2018,80.62382
United Kingdom,GBR,2019,81.22319
United Kingdom,GBR,2020,80.14045
United Kingdom,GBR,2021,80.100624
United States,USA,2000,76.65848
United States,USA,2001,76.75
United States,USA,2002,76.84998
United States,USA,2003,76.98967
United States,USA,2004,77.39726
United States,USA,2005,77.38462
United States,USA,2006,77.68331
United States,USA,2007,77.94056
United States,USA,2008,78.04933
United States,USA,2009,78.423935
United States,USA,2010,78.606926
United States,USA,2011,78.65364
United States,USA,2012,78.77112
United States,USA,2013,78.75953
United States,USA,2014,78.80026
United States,USA,2015,78.61058
United States,USA,2016,78.55677
United States,USA,2017,78.50077
United States,USA,2018,78.62913
United States,USA,2019,78.739235
United States,USA,2020,76.89251
United States,USA,2021,76.37368
Uruguay,URY,2000,74.878624
Uruguay,URY,2001,74.927505
Uruguay,URY,2002,75.11069
Uruguay,URY,2003,74.80937
Uruguay,URY,2004,75.26031
Uruguay,URY,2005,75.64995
Uruguay,URY,2006,76.33234
Uruguay,URY,2007,75.38116
Uruguay,URY,2008,76.393456
Uruguay,URY,2009,76.67129
Uruguay,URY,2010,76.48217
Uruguay,URY,2011,76.597115
Uruguay,URY,2012,76.40566
Uruguay,URY,2013,76.70198
Uruguay,URY,2014,77.15014
Uruguay,URY,2015,77.09925
Uruguay,URY,2016,76.84527
Uruguay,URY,2017,77.33934
Uruguay,URY,2018,77.0374
Uruguay,URY,2019,77.01366
Uruguay,URY,2020,77.79436
Uruguay,URY,2021,74.982956
Uzbekistan,UZB,2000,61.676678
Uzbekistan,UZB,2001,62.165543
Uzbekistan,UZB,2002,62.1923
Uzbekistan,UZB,2003,62.74286
Uzbekistan,UZB,2004,63.42369
Uzbekistan,UZB,2005,63.200287
Uzbekistan,UZB,2006,64.196014
Uzbekistan,UZB,2007,64.796684
Uzbekistan,UZB,2008,65.44085
Uzbekistan,UZB,2009,66.2801
Uzbekistan,UZB,2010,66.71556
Uzbekistan,UZB,2011,67.18064
Uzbekistan,UZB,2012,67.64432
Uzbekistan,UZB,2013,68.3724
Uzbekistan,UZB,2014,68.81484
Uzbekistan,UZB,2015,69.42592
Uzbekistan,UZB,2016,69.95773
Uzbekistan,UZB,2017,70.40272
Uzbekistan,UZB,2018,71.46641
Uzbekistan,UZB,2019,72.27007
Uzbekistan,UZB,2020,71.361
Uzbekistan,UZB,2021,72.188774
Vanuatu,VUT,2000,64.92631
Vanuatu,VUT,2001,64.97956
Vanuatu,VUT,2002,65.03951
Vanuatu,VUT,2003,65.086975
Vanuatu,VUT,2004,65.14604
Vanuatu,VUT,2005,65.2403
Vanuatu,VUT,2006,65.371315
Vanuatu,VUT,2007,65.51826
Vanuatu,VUT,2008,65.68985
Vanuatu,VUT,2009,65.89386
Vanuatu,VUT,2010,66.083855
Vanuatu,VUT,2011,66.26188
Vanuatu,VUT,2012,66.431725
Vanuatu,VUT,2013,66.60737
Vanuatu,VUT,2014,66.71134
Vanuatu,VUT,2015,66.79011
Vanuatu,VUT,2016,66.91782
Vanuatu,VUT,2017,66.980644
Vanuatu,VUT,2018,67.04714
Vanuatu,VUT,2019,67.13031
Vanuatu,VUT,2020,67.09751
Vanuatu,VUT,2021,66.34837
Venezuela,VEN,2000,74.032486
Venezuela,VEN,2001,73.89651
Venezuela,VEN,2002,74.255165
Venezuela,VEN,2003,73.646904
Venezuela,VEN,2004,74.41024
Venezuela,VEN,2005,74.71197
Venezuela,VEN,2006,74.69093
Venezuela,VEN,2007,74.529465
Venezuela,VEN,2008,74.27959
Venezuela,VEN,2009,74.568855
Venezuela,VEN,2010,74.66224
Venezuela,VEN,2011,74.58939
Venezuela,VEN,2012,74.444824
Venezuela,VEN,2013,74.601326
Venezuela,VEN,2014,74.05573
Venezuela,VEN,2015,73.93796
Venezuela,VEN,2016,72.39034
Venezuela,VEN,2017,72.98366
Venezuela,VEN,2018,72.81771
Venezuela,VEN,2019,72.71401
Venezuela,VEN,2020,72.40375
Venezuela,VEN,2021,71.220825
Vietnam,VNM,2000,71.874
Vietnam,VNM,2001,71.97988
Vietnam,VNM,2002,72.06005
Vietnam,VNM,2003,72.11217
Vietnam,VNM,2004,72.153404
Vietnam,VNM,2005,72.1765
Vietnam,VNM,2006,72.23737
Vietnam,VNM,2007,72.30107
Vietnam,VNM,2008,72.351845
Vietnam,VNM,2009,72.41133
Vietnam,VNM,2010,72.48813
Vietnam,VNM,2011,72.6127
Vietnam,VNM,2012,72.74029
Vietnam,VNM,2013,72.83984
Vietnam,VNM,2014,72.95095
Vietnam,VNM,2015,73.03126
Vietnam,VNM,2016,73.21381
Vietnam,VNM,2017,73.40138
Vietnam,VNM,2018,73.56097
Vietnam,VNM,2019,73.71007
Vietnam,VNM,2020,74.77583
Vietnam,VNM,2021,73.79658
Western Pacific (WHO),WHO_WPAC,2000,71.96303
Western Pacific (WHO),WHO_WPAC,2001,72.23558
Western Pacific (WHO),WHO_WPAC,2002,72.523056
Western Pacific (WHO),WHO_WPAC,2003,72.715034
Western Pacific (WHO),WHO_WPAC,2004,72.922424
Western Pacific (WHO),WHO_WPAC,2005,73.333466
Western Pacific (WHO),WHO_WPAC,2006,74.06442
Western Pacific (WHO),WHO_WPAC,2007,74.54522
Western Pacific (WHO),WHO_WPAC,2008,74.68933
Western Pacific (WHO),WHO_WPAC,2009,75.02842
Western Pacific (WHO),WHO_WPAC,2010,75.24678
Western Pacific (WHO),WHO_WPAC,2011,75.55208
Western Pacific (WHO),WHO_WPAC,2012,75.95106
Western Pacific (WHO),WHO_WPAC,2013,76.25932
Western Pacific (WHO),WHO_WPAC,2014,76.592705
Western Pacific (WHO),WHO_WPAC,2015,76.83133
Western Pacific (WHO),WHO_WPAC,2016,77.00014
Western Pacific (WHO),WHO_WPAC,2017,77.21592
Western Pacific (WHO),WHO_WPAC,2018,77.37415
Western Pacific (WHO),WHO_WPAC,2019,77.48911
Western Pacific (WHO),WHO_WPAC,2020,77.70194
Western Pacific (WHO),WHO_WPAC,2021,77.418144
World,OWID_WRL,2000,66.77085
World,OWID_WRL,2001,67.09901
World,OWID_WRL,2002,67.35831
World,OWID_WRL,2003,67.61658
World,OWID_WRL,2004,67.952515
World,OWID_WRL,2005,68.38661
World,OWID_WRL,2006,68.98465
World,OWID_WRL,2007,69.42466
World,OWID_WRL,2008,69.700645
World,OWID_WRL,2009,70.21808
World,OWID_WRL,2010,70.498085
World,OWID_WRL,2011,70.93278
World,OWID_WRL,2012,71.307785
World,OWID_WRL,2013,71.660194
World,OWID_WRL,2014,71.94619
World,OWID_WRL,2015,72.18569
World,OWID_WRL,2016,72.43889
World,OWID_WRL,2017,72.67542
World,OWID_WRL,2018,72.88886
World,OWID_WRL,2019,73.123375
World,OWID_WRL,2020,72.45044
World,OWID_WRL,2021,71.3687
Yemen,YEM,2000,63.081646
Yemen,YEM,2001,63.623615
Yemen,YEM,2002,64.16253
Yemen,YEM,2003,64.67397
Yemen,YEM,2004,65.2064
Yemen,YEM,2005,65.751144
Yemen,YEM,2006,66.27841
Yemen,YEM,2007,66.73495
Yemen,YEM,2008,67.193726
Yemen,YEM,2009,67.58535
Yemen,YEM,2010,67.95703
Yemen,YEM,2011,68.13031
Yemen,YEM,2012,68.268196
Yemen,YEM,2013,68.754105
Yemen,YEM,2014,68.71724
Yemen,YEM,2015,68.253
Yemen,YEM,2016,67.689064
Yemen,YEM,2017,67.67597
Yemen,YEM,2018,66.38937
Yemen,YEM,2019,66.898636
Yemen,YEM,2020,66.51267
Yemen,YEM,2021,65.76207
Zambia,ZMB,2000,44.527138
Zambia,ZMB,2001,44.992157
Zambia,ZMB,2002,45.803513
Zambia,ZMB,2003,47.10241
Zambia,ZMB,2004,48.772896
Zambia,ZMB,2005,50.26129
Zambia,ZMB,2006,51.762695
Zambia,ZMB,2007,53.57699
Zambia,ZMB,2008,55.3557
Zambia,ZMB,2009,56.616497
Zambia,ZMB,2010,57.426567
Zambia,ZMB,2011,58.022953
Zambia,ZMB,2012,58.685265
Zambia,ZMB,2013,59.35535
Zambia,ZMB,2014,59.980213
Zambia,ZMB,2015,60.413517
Zambia,ZMB,2016,60.961468
Zambia,ZMB,2017,61.28533
Zambia,ZMB,2018,61.41188
Zambia,ZMB,2019,61.763134
Zambia,ZMB,2020,61.83165
Zambia,ZMB,2021,60.96884
Zimbabwe,ZWE,2000,45.74529
Zimbabwe,ZWE,2001,45.43213
Zimbabwe,ZWE,2002,45.1125
Zimbabwe,ZWE,2003,45.012745
Zimbabwe,ZWE,2004,45.152855
Zimbabwe,ZWE,2005,45.706535
Zimbabwe,ZWE,2006,46.409153
Zimbabwe,ZWE,2007,47.349026
Zimbabwe,ZWE,2008,48.326885
Zimbabwe,ZWE,2009,49.66
Zimbabwe,ZWE,2010,51.41783
Zimbabwe,ZWE,2011,53.27755
Zimbabwe,ZWE,2012,54.90175
Zimbabwe,ZWE,2013,56.08365
Zimbabwe,ZWE,2014,56.957172
Zimbabwe,ZWE,2015,57.493446
Zimbabwe,ZWE,2016,57.917843
Zimbabwe,ZWE,2017,58.238636
Zimbabwe,ZWE,2018,58.698368
Zimbabwe,ZWE,2019,59.07172
Zimbabwe,ZWE,2020,59.404762
Zimbabwe,ZWE,2021,58.48102